<name>,<domain>,<FQN of target>,<usage>
# Aliases for the DNS of .cms
# 	Use empty domain for .cms
#	<usage> can be any or multiple of the letters: p f
#		where p standards for the prefered alias, and f the frontier alias



#fscctrl1,,vmepcS2B16-13
#csc-ttc,,vmepcS2B16-08
#l1ts-hcal,,vmepcs2b16-02
#ttc-trigger,,VMEPCS2B16-01
#ttc-hcal,,VMEPCS2B16-02
#ttc-tracker,,VMEPCS2B16-03
#ttc-ecal,,VMEPCS2B16-04
#ttc-mi,,VMEPCS2B16-05
#ttc-totcast,,vmepcs2b16-06
#ttc-rpc,,vmepcs2b16-07
#ttc-csc,,vmepcs2b16-08
#ttc-dt,,vmepcs2b16-09
#ttc-pixel,,vmepcs2b16-10
#ttc-plt,,vmepc-s1d12-12
# extra ecal for ttc
#ecalod-ttc,,vmepcS2B16-04
#ecalod-26,,vmepcS2B16-04


# FRLPC aliases
#FRLPC-ECAL01,,FRLPCS2D10-01
#FRLPC-ECAL02,,FRLPCS2D10-02
#FRLPC-ECAL03,,FRLPCS2D10-03
#FRLPC-HCAL02,,FRLPCS2D10-04
#FRLPC-HCAL01,,FRLPCS2D10-05
#FRLPC-HCAL04,,FRLPCS2D10-06
#FRLPC-HCAL03,,FRLPCS2D10-07
#FRLPC-HCAL05,,FRLPCS2D10-08
#FRLPC-ECAL04,,FRLPCS2D10-09
#FRLPC-ECAL05,,FRLPCS2D10-10
#FRLPC-ECAL06,,FRLPCS2D10-11
#FRL-S2C02a,,FRLPCS2D10-01
#FRL-S2C02b,,FRLPCS2D10-02
#FRL-S2C02c,,FRLPCS2D10-03
#FRL-S2F10a1,,FRLPCS2D10-04
#FRL-S2F10a0,,FRLPCS2D10-05
#FRL-S2F10b1,,FRLPCS2D10-06
#FRL-S2F10b0,,FRLPCS2D10-07
#FRL-S2F10c,,FRLPCS2D10-08
#FRL-S2D09a,,FRLPCS2D10-09
#FRL-S2D09b,,FRLPCS2D10-10
#FRL-S2D09c,,FRLPCS2D10-11
#FRL-S1B02b,,FRLPCS1D06-01
#FRL-S1B02c,,FRLPCS1D06-02
#FRL-S1B02d,,FRLPCS1D06-03
#FRL-S1B06b,,FRLPCS1D06-04
#FRL-S1B06c,,FRLPCS1D06-05
#FRL-S1B06d,,FRLPCS1D06-06
#FRL-S1B07b,,FRLPCS1D06-07
#FRL-S1B07c,,FRLPCS1D06-08
#FRL-S1B11b,,FRLPCS1D06-09
#FRL-S1C01a0,,FRLPCS1D06-10
#FRL-S1C01a1,,FRLPCS1D06-11
#FRL-S1C01b,,FRLPCS1D06-12
#FRL-S1C01c,,FRLPCS1D06-13
#FRL-S1C01d,,FRLPCS1D06-14
#FRL-S1C01e,,FRLPCS1D06-15
#FRL-S1C02b,,FRLPCS1D06-16
#FRL-S1C02c,,FRLPCS1D06-17
#FRL-S1C06b,,FRLPCS1D06-18
#FRL-S1C06c,,FRLPCS1D06-19
#FRL-S1C06d,,FRLPCS1D06-20
#FRL-S1C07b,,FRLPCS1D06-21
#FRL-S1C07c,,FRLPCS1D06-22
#FRL-S1C11b,,FRLPCS1D06-23
#FRL-S1F09a,,FRLPCS1D06-24
#FRL-S1F09b0,,FRLPCS1D06-25
#FRL-S1F09b1,,FRLPCS1D06-26
#FRL-S1G05a,,FRLPCS1D06-27
#FRL-S1G05b,,FRLPCS1D06-28
#FRL-S1G05c,,FRLPCS1D06-29
#FRL-S1G05d,,FRLPCS1D06-30
#FRL-S1G05e0,,FRLPCS1D06-31
#FRL-S1G05e1,,FRLPCS1D06-32
#FMM-S1E06a,,FRLPCS1D06-33
#FMM-S1E06b,,FRLPCS1D06-34
#FMM-S1E06c,,FRLPCS1D06-35
#FMM-S1E06d,,FRLPCS1D06-36
#FMM-S1E07a,,FRLPCS1D06-37
#FMM-S1E07b,,FRLPCS1D06-38
#FMM-S1E07c,,FRLPCS1D06-39
#FMM-S1E07d,,FRLPCS1D06-40
#FRLPC-TRACKER01,,FRLPCS1D06-01
#FRLPC-TRACKER02,,FRLPCS1D06-02
#FRLPC-TRACKER03,,FRLPCS1D06-03
#FRLPC-TRACKER04,,FRLPCS1D06-04
#FRLPC-TRACKER05,,FRLPCS1D06-05
#FRLPC-TRACKER06,,FRLPCS1D06-06
#FRLPC-TRACKER07,,FRLPCS1D06-07
#FRLPC-TRACKER08,,FRLPCS1D06-08
#FRLPC-TRACKER09,,FRLPCS1D06-09
#FRLPC-TRACKER10,,FRLPCS1D06-10
#FRLPC-TRACKER11,,FRLPCS1D06-11
#FRLPC-TRACKER12,,FRLPCS1D06-12
#FRLPC-TRACKER13,,FRLPCS1D06-13
#FRLPC-TRACKER14,,FRLPCS1D06-14
#FRLPC-TRACKER15,,FRLPCS1D06-15
#FRLPC-TRACKER16,,FRLPCS1D06-16
#FRLPC-TRACKER17,,FRLPCS1D06-17
#FRLPC-TRACKER18,,FRLPCS1D06-18
#FRLPC-TRACKER19,,FRLPCS1D06-19
#FRLPC-TRACKER20,,FRLPCS1D06-20
#FRLPC-TRACKER21,,FRLPCS1D06-21
#FRLPC-TRACKER22,,FRLPCS1D06-22
#FRLPC-TRACKER23,,FRLPCS1D06-23
#FRLPC-RPCT01,,FRLPCS1D06-24
#FRLPC-GT01,,FRLPCS1D06-25
#FRLPC-GTCAL01,,FRLPCS1D06-26
#FRLP-DT01,,FRLPCS1D06-27
#FRLPC-PIX01,,FRLPCS1D06-28
#FRLPC-PIX02,,FRLPCS1D06-29
#FRLPC-PIX03,,FRLPCS1D06-30
#FRLPC-CSC01,,FRLPCS1D06-31
#FRLPC-CSC02,,FRLPCS1D06-32

# Rack s2f18
#
#
#
#
#
# 13 unnamed PCs
#
#
#
#
#
#
#
#VME-S1C00G,,vmepcS2F18-15
VME-S1D00D,,vmepcS2F18-16
VME-S1D00G,,vmepcS2F18-17
#VME-S2B10,,vmepcS2F18-18
#VME-S2G10,,vmepcS2F18-19
#
# 3 unnamed PCs
#

#Rack s2g18
#
# 3 unnamed PCs in equipement DB
#
#VME-S1G101h,,vmepcS2G18-04
#VME-S1A13F,,vmepcS2G18-05
#VME-S1A13G,,vmepcS2G18-06
#VME-S1A13H,,vmepcS2G18-07
#VME-S1A13K,,vmepcS2G18-08
#VME-S1D04H,,vmepcS2G18-09
#VME-S1D04E,,vmepcS2G18-10
#
VME-S1G06A,,vmepcS2G18-07
VME-S1G06B,,vmepcS2G18-07
#
#VME-S1G07A,,vmepcS2G18-08
#VME-S1G07B,,vmepcS2G18-08
#
VME-S1G08A,,vmepcS2G18-06
VME-S1G08B,,vmepcS2G18-06
#VME-S1G08C,,vmepcS2G18-06
#
#VME-S1G08E,,vmepcS2G18-10
#VME-S1G08F,,vmepcS2G18-10
#VME-S1G08G,,vmepcS2G18-10
#

#VME-S1D01E,,vmepcS2G18-20
#VME-S1D01H,,vmepcS2G18-20
#VME-S1D01K,,vmepcS2G18-20
#
#VME-S1E02E,,vmepcS2G18-24
#VME-S1E02H,,vmepcS2G18-24
#VME-S1E02K,,vmepcS2G18-24
#
#VME-S1D03F,,vmepcS2G18-22
#VME-S1D03J,,vmepcS2G18-22


# RPC VME PC
#VME-S1F01A,,vmepcS2G18-11
#VME-S1F01B,,vmepcS2G18-11
#VME-S1F01C,,vmepcS2G18-11
#
#VME-S1F02A,,vmepcS2G18-12
#VME-S1F02B,,vmepcS2G18-12
#VME-S1F02C,,vmepcS2G18-12
#
#VME-S1F03A,,vmepcS2G18-13
#VME-S1F03B,,vmepcS2G18-13
#
#VME-S1F04A,,vmepcS2G18-14
#VME-S1F04B,,vmepcS2G18-14
#VME-S1F04C,,vmepcS2G18-14
#
#VME-S1F05A,,vmepcS2G18-15
#VME-S1F05B,,vmepcS2G18-15
#VME-S1F05C,,vmepcS2G18-15
#
#pcrpct01,,vmepcS2G18-11
#pcrpct02,,vmepcS2G18-12
#pcrpct03,,vmepcS2G18-13
#pcrpct04,,vmepcS2G18-14
#pcrpct05,,vmepcS2G18-15
#pcrpct00,,vmepcS2G18-23
#
VME-S1F01A,,vmepc-s2g17-25-01
VME-S1F01B,,vmepc-s2g17-25-01
VME-S1F01C,,vmepc-s2g17-25-01
#
VME-S1F02A,,vmepc-s2g17-26-01
VME-S1F02B,,vmepc-s2g17-26-01
VME-S1F02C,,vmepc-s2g17-26-01
#
VME-S1F03A,,vmepc-s2g17-27-01
VME-S1F03B,,vmepc-s2g17-27-01
#
VME-S1F04A,,vmepc-s2g17-28-01
VME-S1F04B,,vmepc-s2g17-28-01
VME-S1F04C,,vmepc-s2g17-28-01
#
VME-S1F05A,,vmepc-s2g17-29-01
VME-S1F05B,,vmepc-s2g17-29-01
VME-S1F05C,,vmepc-s2g17-29-01
#
pcrpct01,,vmepc-s2g17-25-01
pcrpct02,,vmepc-s2g17-26-01
pcrpct03,,vmepc-s2g17-27-01
pcrpct04,,vmepc-s2g17-28-01
pcrpct05,,vmepc-s2g17-29-01


# Rack s2g17
CENTRALTS,,vmepcs2g17-03
#PCRCTVME01,,vmepcs2g17-05
#PCRCTVME02,,vmepcs2g17-06
#PCRCTVME03,,vmepcs2g17-07
#PCRCTVME04,,vmepcs2g17-08
#PCRCTVME05,,vmepcs2g17-09
#PCRCTVME06,,vmepcs2g17-10
#PCRCTVME07,,vmepcs2g17-11
#PCRCTVME08,,vmepcs2g17-12
#PCRCTVME09,,vmepcs2g17-13
#pcrctvme10,,vmepcS2G17-14

# Ecal
#EE-
# Serves FEDs 601, 601 and 609
#ecalod-01,,vmepcS2F19-01
#ecalod-02,,vmepcS2F19-02
#ecalod-03,,vmepcS2F19-03

ecalod-S2D04l,,vmepc-s2f19-13-01
ecalod-S2D03l,,vmepc-s2f19-13-01
ecalod-S2D08l,,vmepc-s2f19-13-01

ecalfed-601,,vmepc-s2f19-13-01
ecalfed-603,,vmepc-s2f19-13-01
ecalfed-606,,vmepc-s2f19-13-01

ecalod-eem,,vmepc-s2f19-13-01
ecalod-EEm1,,vmepc-s2f19-13-01
ecalod-EEm2,,vmepc-s2f19-13-01
ecalod-EEm3,,vmepc-s2f19-13-01

# EB-

#ecalod-04,,vmepcS2F19-04
#ecalod-05,,vmepcS2F19-05
#ecalod-06,,vmepcS2F19-06
#ecalod-07,,vmepcS2F19-07
#ecalod-08,,vmepcS2F19-08
#ecalod-09,,vmepcS2F19-09

ecalod-S2D04d,,vmepc-s2f19-14-01
ecalod-S2D02d,,vmepc-s2f19-14-01
ecalod-S2D03d,,vmepc-s2f19-14-01

ecalod-S2D07d,,vmepc-s2f19-15-01
ecalod-S2D08d,,vmepc-s2f19-15-01
ecalod-S2D06d,,vmepc-s2f19-15-01

ecalfed-610,,vmepc-s2f19-14-01
ecalfed-613,,vmepc-s2f19-14-01
ecalfed-616,,vmepc-s2f19-14-01

ecalfed-619,,vmepc-s2f19-15-01
ecalfed-622,,vmepc-s2f19-15-01
ecalfed-625,,vmepc-s2f19-15-01

ecalod-ebm1,,vmepc-s2f19-14-01
#ecalod-EBm1,,vmepc-s2f19-14-01
#ecalod-EBm2,,vmepc-s2f19-14-01
#ecalod-EBm3,,vmepc-s2f19-14-01

ecalod-ebm2,,vmepc-s2f19-15-01
#ecalod-EBm4,,vmepc-s2f19-15-01
#ecalod-EBm5,,vmepc-s2f19-15-01
#ecalod-EBm6,,vmepc-s2f19-15-01

# EB+

#ecalod-10,,vmepcS2F19-10
#ecalod-11,,vmepcS2F19-11
#ecalod-12,,vmepcS2F19-12
#ecalod-13,,vmepcS2F19-13
#ecalod-14,,vmepcS2F19-14
#ecalod-15,,vmepcS2F19-15

ecalod-S2D04h,,vmepc-s2f19-16-01
ecalod-S2D02h,,vmepc-s2f19-16-01
ecalod-S2D03h,,vmepc-s2f19-16-01

ecalod-S2D07h,,vmepc-s2f19-17-01
ecalod-S2D08h,,vmepc-s2f19-17-01
ecalod-S2D06h,,vmepc-s2f19-17-01

ecalfed-628,,vmepc-s2f19-16-01
ecalfed-631,,vmepc-s2f19-16-01
ecalfed-634,,vmepc-s2f19-16-01

ecalfed-637,,vmepc-s2f19-17-01
ecalfed-640,,vmepc-s2f19-17-01
ecalfed-643,,vmepc-s2f19-17-01

ecalod-ebp1,,vmepc-s2f19-16-01
#ecalod-EBp1,,vmepc-s2f19-16-01
#ecalod-EBp2,,vmepc-s2f19-16-01
#ecalod-EBp3,,vmepc-s2f19-16-01

ecalod-ebp2,,vmepc-s2f19-17-01
#ecalod-EBp4,,vmepc-s2f19-17-01
#ecalod-EBp5,,vmepc-s2f19-17-01
#ecalod-EBp6,,vmepc-s2f19-17-01


# EE+
# Serves FEDs 646, 647 and 654

#ecalod-16,,vmepcS2F19-16
#ecalod-17,,vmepcS2F19-17
#ecalod-18,,vmepcS2F19-18

ecalod-eep,,vmepc-s2f19-18-01

ecalod-S2D06l,,vmepc-s2f19-18-01
ecalod-S2D02l,,vmepc-s2f19-18-01
ecalod-S2D07l,,vmepc-s2f19-18-01

ecalfed-646,,vmepc-s2f19-18-01
ecalfed-648,,vmepc-s2f19-18-01
ecalfed-651,,vmepc-s2f19-18-01

ecalod-eep,,vmepc-s2f19-18-01
ecalod-EEp1,,vmepc-s2f19-18-01
ecalod-EEp2,,vmepc-s2f19-18-01
ecalod-EEp3,,vmepc-s2f19-18-01

# SRP and Test
# ecalod-19: Serves FEDs 661--664
# ecalod-20: Also serves the TTCf boards

#ecalod-19,,vmepcS2F19-19
#ecalod-20,,vmepcS2F19-20

ecalod-S2D05h,,vmepc-s2f19-19-01
ecalod-S2D05e,,vmepc-s2f19-19-01

ecalfed-661,,vmepc-s2f19-19-01

ecalod-srp,,vmepc-s2f19-19-01
ecalod-test,,vmepc-s2f19-19-01
ecalod-ttcf,,vmepc-s2f19-19-01

# 2U Units
# vmepcS2F19-21 Spare for 1U VME units
# vmepcS2F19-22 EVB, ecalFM, ecalSup , TrigSup? cell
# vmepcS2F19-23 As above during commissioning
# vmepcS2F19-24 Non-event DQM. Event DQM during commiss.
# vmepcS2F19-25 Event DQM

#ecalod-21,,vmepcS2F19-21
#ecalod-22,,vmepcS2F19-22
#ecalod-23,,vmepcS2F19-23
#ecalod-24,,vmepcS2F19-24
#ecalod-25,,vmepcS2F19-25

ecalod-spare,,vmepc-s2f19-08-01
ecalod-daq,,srv-s2f19-27-01
#ecalod-daq,,ruspare-c2b15-32-01
#ecalod-daq01,,vmepcS2F19-22
#ecalod-daq02,,vmepcS2F19-23
#ecalod-daq03,,vmepcS2F19-24

#ecalod-rc,,srv-c2d06-06
#ecalod-27,,srv-c2d06-06

ecalod-evb,,srv-s2f19-28-01
#ecalod-evb01,,vmepcS2F19-23
#ecalod-evb02,,vmepcS2F19-24

# Ecal laser room PCs
ecalod-28,,ecal-laser-room-01
ecalod-29,,ecal-laser-room-02
ecalod-laser-ctrl,,ecal-laser-room-02
#ecalod-laser-xdaq,,ecal-laser-room-09
#ecalod-laser-xdaq,,vmepc-ecal-laser-01
#ecal-laser-room-10,,vmepc-ecal-laser-01
#ecal-laser-room-10,,vmepc-ecal-laser-01
ecalod-laser-xdaq,,vmepc-ecal-laser-02
ecal-laser-room-10,,vmepc-ecal-laser-02
ecal-laser-room-10,,vmepc-ecal-laser-02

# Extra ECAL (#105062)
ecalod-dqm,,dqmfu-c2b02-46-01
ecalod-xmas,,srv-s2f19-30-01
#ecalod-xmas,,srv-S2F19-28
#ecalod-32,,srv-S2F19-28
#ecalod-33,,vmepcS2F18-25
#ecalod-34,,srv-S2F19-29
ecalod-newled-ctrl,,srv-s2f19-31-01
#ecalod-led-ctrl,,vmepcS2F18-25
ecalod-led-ctrl,,srv-s2f19-31-01
ecalod-disk01,,srv-s2f19-34-01
ecalod-web01,,srv-s2f19-34-01
#ecalod-3818,,testcaen-s2f19-48-01

# Additional aliases for ECAL (SR 123054)
esod-daq01,,vmepcs2f18-26
esod-daq02,,vmepcs2f18-16
esdaq-espr,,vmepcs2f18-16
esod-daq03,,vmepcs2f18-17
esdaq-espf,,vmepcs2f18-17
esod-daq04,,vmepcs2f18-18
esdaq-esmr,,vmepcs2f18-18
esod-daq05,,vmepcs2f18-19
esdaq-esmf,,vmepcs2f18-19
esod-evb01,,vmepcs2f18-27

esod-daq,,srv-s2f19-25-01
esod-evb,,srv-s2f19-26-01
esod-esm,,vmepc-s2f19-06-01
esod-esp,,vmepc-s2f19-07-01

# ECAL laser in OLC
srv-ecal-laser-10,,srv-c2f38-10-01
srv-ecal-laser-11,,srv-c2f38-11-01

# CSC aliases
#csc-tf,,vmepcS2G18-10,p
csc-pc1,,ctrl-s2g18-15-01,p
csc-pc2,,ctrl-s2g18-16-01,p
csc-fed1,,vmepc-s2g18-04-01,p
csc-fed2,,vmepc-s2g18-05-01,p
csc-sv,,srv-s2g18-19-01


# Run control aliases
cmsrc-pixel,,kvm-s3562-1-ip156-20
cmsrc-pixeldev,,kvm-s3562-1-ip156-20
cmsrc-es,,kvm-s3562-1-ip156-15
cmsrc-esdev,,kvm-s3562-1-ip156-15
cmsrc-hcal,,kvm-s3562-1-ip156-17
cmsrc-hcaldev,,kvm-s3562-1-ip156-17
cmsrc-dt,,kvm-s3562-1-ip156-13
cmsrc-dtdev,,kvm-s3562-1-ip156-13
cmsrc-tracker,,kvm-s3562-1-ip156-25
cmsrc-trackerdev,,kvm-s3562-1-ip156-25
cmsrc-rpc,,kvm-s3562-1-ip156-21
cmsrc-rpcdev,,kvm-s3562-1-ip156-21
cmsrc-csc,,kvm-s3562-1-ip156-09
cmsrc-cscdev,,kvm-s3562-1-ip156-09
cmsrc-trigger,,kvm-s3562-1-ip156-26
cmsrc-triggerdev,,kvm-s3562-1-ip156-26
cmsrc-srv,,kvm-s3562-1-ip156-22
cmsrc-ecal,,kvm-s3562-1-ip156-14
cmsrc-ecaldev,,kvm-s3562-1-ip156-14
# SR 142392.
#cmsarc,, srv-c2d06-17
# To be added
cmsrc-dqm,,kvm-s3562-1-ip156-12
cmsrc-dqmdev,,kvm-s3562-1-ip156-12
cmsrc-top,,kvm-s3562-1-ip156-23
cmsrc-topdev,,kvm-s3562-1-ip156-23
cmsrc-daq,,kvm-s3562-1-ip156-10
cmsrc-daqdev,,kvm-s3562-1-ip156-10
cmsrc-lumi,,kvm-s3562-1-ip156-19
cmsrc-lumidev,,kvm-s3562-1-ip156-19
cmsrc-gem,,kvm-s3562-1-ip156-16
cmsrc-gemdev,,kvm-s3562-1-ip156-16
cmsrc-l1scout,,kvm-s3562-1-ip156-18
cmsrc-l1scoutdev,,kvm-s3562-1-ip156-18

# oVirt engine (Jim)
cms-ovirt,,kvm-s3562-1-ip150-01
cs8-ovirt,,kvm-s3562-1-ip156-01

# DQM
hcal-dqm-fu,,fu-c2f11-21-03

# STS
sm-private,,sm-c2a14-43-01


#General nfs services
cmsnfsscratch,,vserver-user-02
cmsnfshome0,,vserver-user-01
cmsnfsmysql,,vserver-central-01
cmsnfsdtgasdata,,vserver-user-01
cmsnfsrepo,,vserver-central-01
# TEMPORARY cmsnfssysadmin to vserver-central-01
cmsnfssysadmin,,vserver-central-01
#cmsnfssysadmin,,vserver-central-02
cmsnfsbrildata,,vserver-user-02
cmsnfsl1tsprometheus,,vserver-user-02
cmsnfsgemdata,,vserver-user-01
cmsnfsgempicodata,,vserver-user-01
cmsnfstcds_history,,vserver-user-01
cmsnfsbrilpro,,vserver-user-01
cmsnfsbrildpg,,vserver-user-01
cmsnfscsc,,vserver-user-01
cmsnfsdaqexpert,,vserver-user-02
cmsnfsdaqexpertflashlists,,vserver-user-01
cmsnfsbackuparea,,vserver-central-01
cmsnfsadaqmonweb,,vserver-central-01
cmsnfsxaas_elasticsearch_repo,,vserver-user-01
cmsnfsconfigbyhttp,,vserver-central-01
cmsnfshome_backup,,vserver-user-01

# Storage location for subdetectors and DQM
cmsnfsesdata,,vserver-user-01
cmsnfshltdata,,vserver-user-01
cmsnfstwikidata,,vserver-central-01
cmsnfswbm,,vserver-user-02
cmsnfsrpctdata,,vserver-user-02
cmsnfsggmdata,,vserver-user-02
cmsnfspvss,,vserver-central-02
#cmsnfsoldusers,,NAS-C2C04-01-DATA-10
cmsnfsdqmdata,,vserver-user-01
cmsnfsdtdata,,vserver-user-01
cmsnfsfirmware_repo,,vserver-central-02
cmsnfses-web,,vserver-user-01
cmsnfsdqmminidaq,,vserver-user-02
cmsnfseventdisplay,,vserver-user-02
cmsnfsrateplots,,vserver-user-01
cmsnfsratemon,,vserver-user-02
cmsnfsctrlhubconf,,vserver-user-02
cmsnfsctppsproject,,vserver-user-01
cmsnfsrcmsrepo,,vserver-user-01
cmsnfscmsoms,,vserver-user-02
cmsnfsemtfdata,,vserver-user-02
cmsnfstrackerraid,,vserver-user-02
cmsnfsecallaser_rundata,,vserver-user-01
cmsnfsecallaser_room,,vserver-user-01
cmsnfselastic_backup,,vserver-user-01
cmsnfsgpu_data,,vserver-user-01
cmsnfshcalrun,,vserver-user-02
cmsnfsd3vcmssw,,vserver-user-02

# Alias for uGT data
cmsnfsugtdata,,vserver-user-02

# Alias for pixelscratch for the Pixel guys added by adupont (SR 113404)
pixelscratch,,vserver-user-02
pixelraid,,srv-c2f38-16-01
pix-fedkit-01,,subdet-s1g03-01
ctpps,,srv-s2b18-22-01

# Serial lines for the NetApp NAS Filer in C2E45
serial-nas-c2e45-01,,srv-c2e46-08-07
serial-nas-c2e45-02,,srv-c2e46-08-08
k8s-svm-mgmt,,nas-c2e45-k8s-svm-mgmt

# Master servers selection
# Alias for cmssrv0
cmssrv0,,srv-s2d16-30,p
cmsldap4,,srv-s2d16-30
cmskdc4,,srv-s2d16-30
cmsdns0,,srv-s2d16-30

# Alias for cc7srv legacy server CMSDAQSYS-962
cc7srv,,kvm-s3562-1-ip156-87

# Aliases for cmssrv12, CC7 physical upstairs
cmssrv12,,ucsrv-c2f45-32-01
cmskdc12,,ucsrv-c2f45-32-01
cmsldap12,,ucsrv-c2f45-32-01
cmsdns12,,ucsrv-c2f45-32-01

# Aliases for cmssrv20
cmssrv20,,kvm-s3562-1-ip150-32
cmskdc20,,kvm-s3562-1-ip150-32
cmsldap20,,kvm-s3562-1-ip150-32
cmsdns20,,kvm-s3562-1-ip150-32

# Aliases for cmssrv21
cmssrv21,,kvm-s3562-1-ip150-35
cmskdc21,,kvm-s3562-1-ip150-35
cmsldap21,,kvm-s3562-1-ip150-35
cmsdns21,,kvm-s3562-1-ip150-35

# Aliases for cmssrv22
#cmssrv22,,kvm-s3562-1-ip149-32
#cmskdc22,,kvm-s3562-1-ip149-32
#cmsldap22,,kvm-s3562-1-ip149-32
#cmsdns22,,kvm-s3562-1-ip149-32

# Aliases for cmssrv23
cmssrv23,,kvm-s3524-1-ip1-01
cmskdc23,,kvm-s3524-1-ip1-01
cmsldap23,,kvm-s3524-1-ip1-01
cmsdns23,,kvm-s3524-1-ip1-01

# Aliases for the cc7 master cmssrv (puppetized)
#cmsldapmaster,,ucsrv-c2f47-32-16
#cmskdcmaster,,ucsrv-c2f47-32-16
#cmsdhcpmaster,,ucsrv-c2f47-32-16
#ip-time-1,,ucsrv-c2f47-32-16

old-cmsldapmaster,,ucsrv-c2f47-32-16
old-cmskdcmaster,,ucsrv-c2f47-32-16
old-cmsdhcpmaster,,ucsrv-c2f47-32-16


## Aliases for alma9 cmssrvs

# Aliases for cmssrv30
cmssrv30,,kvm-s3562-1-ip156-50
cmskdc30,,kvm-s3562-1-ip156-50
cmsldap30,,kvm-s3562-1-ip156-50
cmsdns30,,kvm-s3562-1-ip156-50

# Aliases for cmssrv31
cmssrv31,,kvm-s3562-1-ip157-42
cmskdc31,,kvm-s3562-1-ip157-42
cmsldap31,,kvm-s3562-1-ip157-42
cmsdns31,,kvm-s3562-1-ip157-42


# Aliases for cmssrv32
cmssrv32,,srv-c2e46-26-01
cmskdc32,,srv-c2e46-26-01
cmsldap32,,srv-c2e46-26-01
cmsdns32,,srv-c2e46-26-01

# Aliases for cmssrv33
cmssrv33,,ucsrv-s2d19-32-01
cmskdc33,,ucsrv-s2d19-32-01
cmsldap33,,ucsrv-s2d19-32-01
cmsdns33,,ucsrv-s2d19-32-01


# Aliases for the new el9 master cmssrv
el9cmsldapmaster,,srv-c2e47-26-01
el9cmskdcmaster,,srv-c2e47-26-01
el9cmsdhcpmaster,,srv-c2e47-26-01
ip-time-1,,srv-c2e47-26-01
cmsldapmaster,,srv-c2e47-26-01
cmskdcmaster,,srv-c2e47-26-01
cmsdhcpmaster,,srv-c2e47-26-01


# Alias for filer area monitoring machine
cmsfilermonitoring,,kvm-s3562-1-ip156-47


# Alias for time servers (cmssrv32+33)
ip-time-2,,srv-c2e46-26-01
ip-time-3,,ucsrv-s2d19-32-01

# Aliases for the HAProxy server which balances cmsproxy requests
proxy-vip--cms,,proxy-vip

# Aliases for the new HAProxy server which balances cmsproxy requests
proxy-ng-vip--cms,,proxy-ng-vip
cmsproxy,,proxy-ng-vip
cmsproxy-test,,proxy-ng-vip
cmsconfigbyhttp,,proxy-ng-vip
wpad,,proxy-ng-vip
foreman,,proxy-ng-vip
cmslas,,proxy-ng-vip
cmsdaqfff,,proxy-ng-vip
cmsdqm,,proxy-ng-vip
cmsonline,,proxy-ng-vip

# cms lbs
cmslb,,proxy-ng-vip
cmslb1,,kvm-s3562-2-ip156-03
cmslb2,,kvm-s3562-2-ip156-04
cmslb3,,kvm-s3562-2-ip156-05
# cms reverse proxies
cmsrproxy1,,kvm-s3562-2-ip157-03
cmsrproxy2,,kvm-s3562-2-ip157-04
cmsrproxy3,,kvm-s3562-2-ip156-06
cmsrproxy4,,kvm-s3562-2-ip156-07

# Foreman server
cms-foreman,,kvm-s3562-1-ip150-13

# Alias for Marc's puppet master and client (virtuals)
mdobsonpp3master,,kvm-s3562-1-ip156-56
mdobsonpp5master,,kvm-s3562-1-ip156-57
mdobsonpp8master,,kvm-s3562-1-ip156-59

## Patrycja's dev Puppet master
pagornia-pp3master,,kvm-s3562-1-ip156-60
pagornia-pp5master,,kvm-s3562-1-ip156-61
pagornia-pp8master,,kvm-s3562-1-ip156-105

# Theo's dev Puppet master
thrizopo-pp3master,,kvm-s3562-1-ip156-66
thrizopo-pp5master,,kvm-s3562-1-ip156-67
thrizopo-pp8master,,kvm-s3562-1-ip157-63

# CMSONS-13131 (cmsoms-subsystems02)
cmsoms-subsystems02,,kvm-s3562-1-ip157-18

# Antonin's dev Puppet master
advorak-ppt3,,kvm-s3562-1-ip156-52
advorak-ppt5,,kvm-s3562-1-ip156-51
advorak-ppt8,,kvm-s3562-1-ip157-23

# bodetayo's dev puppet master
bodetayo-pp3master,,kvm-s3562-1-ip156-46
bodetayo-pp5master,,kvm-s3562-1-ip157-26
bodetayo-pp8master,,kvm-s3562-1-ip157-24

# gdarlea's dev puppet master
gdarlea-pp2master,,kvm-s3562-1-ip149-11
gdarlea-pp3master,,kvm-s3562-1-ip156-54
gdarlea-pp5master,,kvm-s3562-1-ip156-55
gdarlea-pp8master,,kvm-s3562-1-ip156-58

# Access-old-nodes Machine
access-old-nodes,,kvm-s3562-1-ip156-63

# Alias for core services
core-services1,,srv-c2f41-26-08,p
core-services2,,srv-c2f42-26-08,p
core-services3,,srv-c2e47-26-08,p
core-services-proxy1,,srv-c2f42-08-07,p
##these are the foreman 2 kvms
foreman2-1,,kvm-s3562-1-ip157-02
foreman2-2,,kvm-s3562-1-ip156-08
## gitlab kvms
gitlab1,,kvm-s3562-1-ip157-05

# Alias for HA foreman
foreman2,,cms-coreservices-haproxy-vip

# Alias for HA puppet{5,7,8}db
puppet5db,,cms-coreservices-haproxy-vip
puppet7db,,cms-coreservices-haproxy-vip
puppet8db,,cms-coreservices-haproxy-vip


# Alias for puppet srvs
pp3master,,cms-coreservices-haproxy-vip
puppet5-srv,,cms-coreservices-haproxy-vip
puppet7-srv,,cms-coreservices-haproxy-vip
puppet8-srv,,cms-coreservices-haproxy-vip

# Alias for HA gitlab
gitlab,,cms-coreservices-haproxy-vip

# Alias for puppet7 infra
puppet7db-1,,kvm-s3562-1-ip156-33
puppet7db-2,,kvm-s3562-1-ip157-15
puppet7-srv-1,,kvm-s3562-1-ip156-34
puppet7-srv-2,,kvm-s3562-1-ip157-16

# Aliases for puppet8 infra
puppet8-ca,,kvm-s3562-1-ip156-43,p
puppet8db-1,,kvm-s3562-1-ip157-22
puppet8db-2,,kvm-s3562-1-ip156-62
puppet8-srv-1,,kvm-s3562-1-ip156-44
puppet8-srv-2,,kvm-s3562-1-ip157-62

# Alias for new cloud controllers
cloud-controller1,,srv-c2f41-15-01
cloud-controller2,,srv-c2f41-26-01
cloud-controller3,,srv-c2f42-26-01

# CMSONS-13034: Alias for prometheus testing machine
l1ts-prometheus,,srv-s2g17-20-01
l1ts-grafana,,kvm-s3562-1-ip156-79
l1ce-dev,,kvm-s3562-1-ip156-78
l1ts-grafana-dev,,kvm-s3562-1-ip156-77
l1ts-victoria,,kvm-s3562-1-ip156-74
cr-grafana,,kvm-s3562-1-ip156-74


# Alias for cmssyslog servers
cmssyslog0,,cms-syslog-vip
cmsscreenshot,,kvm-s3562-1-ip157-65

# EL8 cmsusrs
#cmsusr21,,kvm-s3562-2-ip157-01,p
#cmsusr22,,kvm-s3562-2-ip157-02,p
#cmsusr24,,kvm-s3562-2-ip156-02,p

# ALMA9 cmsusrs
cmsusr21,,kvm-s3562-2-ip157-08,p
cmsusr22,,kvm-s3562-2-ip157-09,p
cmsusr23,,kvm-s3562-2-ip156-01,p
cmsusr24,,kvm-s3562-2-ip156-10,p

# Dell Secure Connect Gateway
cms-dell-scg,,kvm-s3562-2-ip157-05,p

#### Puppet RDP ####
rdpdaq1,,kvm-s3562-1-ip156-45
rdpdaq2,,kvm-s3562-1-ip157-37
rdpsysadmins1,,kvm-s3562-1-ip156-85
rdp1,,kvm-s3562-1-ip156-69
rdp2,,kvm-s3562-1-ip157-36
#### Puppet RDP ####

cmsdropbox,,kvm-s3562-1-ip157-38
cmsdropboxcc8,,kvm-s3562-1-ip156-83
cmsdropboxel9,,kvm-s3562-1-ip156-49

# Is this alias still valid?
autoinstall-web,,kvm-s3562-1-ip149-21

# CSC
csc-dcs-me-4,,cms-csc-dcs-00
csc-dcs-me-3,,cms-csc-dcs-02
csc-dcs-me-2,,cms-csc-dcs-03
csc-dcs-me-1,,cms-csc-dcs-04
csc-dcs-mep1,,cms-csc-dcs-05
csc-dcs-mep2,,cms-csc-dcs-06
csc-dcs-mep3,,cms-csc-dcs-07
csc-dcs-mep4,,cms-csc-dcs-08
csc-dcs,,cms-csc-dcs-09
csc-dcs-pc1,,ctrl-s2g18-17-01,p
csc-dcs-pc2,,ctrl-s2g18-18-01,p

# CSC server aliases
# new CSC aliases
csc-daq10,,srv-c2d08-07-01
csc-daq01,,srv-c2d08-08-01
csc-daq02,,srv-c2d08-09-01
csc-daq03,,srv-c2d08-10-01
csc-daq04,,srv-c2d08-11-01
csc-daq05,,srv-c2d08-12-01
csc-daq06,,srv-c2d08-13-01
csc-daq07,,srv-c2d08-14-01
csc-daq08,,srv-c2d08-15-01
csc-daq09,,srv-c2d08-16-01
csc-daq,,srv-c2d08-17-01
csc-daq00,,srv-c2d08-17-01
csc-expert,,srv-c2d08-18-01
csc-dqm,,srv-c2d08-19-01
# Below aliases are to show where the machines actually are
srv-c2f38-27-01,,srv-c2d08-04-01
srv-c2f38-28-01,,srv-c2d08-07-01
srv-c2f38-29-01,,srv-c2d08-08-01
srv-c2f38-30-01,,srv-c2d08-09-01
srv-c2f38-31-01,,srv-c2d08-10-01
srv-c2f38-32-01,,srv-c2d08-11-01
srv-c2f38-33-01,,srv-c2d08-12-01
srv-c2f38-35-01,,srv-c2d08-13-01
srv-c2f38-36-01,,srv-c2d08-14-01
srv-c2f38-37-01,,srv-c2d08-15-01
srv-c2f38-38-01,,srv-c2d08-16-01
srv-c2f38-39-01,,srv-c2d08-17-01
srv-c2f38-40-01,,srv-c2d08-18-01
srv-c2f38-41-01,,srv-c2d08-19-01

csc-dcs-lv1,,dcspcS4F10-01
#csc-dcs-lv2,,dcspcS4F10-02
cms-csc-dcs-lv,,cms-csc-dcs-10
csc-dcs-hv1,,dcspc-s1a11-01
csc-dcs-hv2,,dcspc-s1a11-02

l1ts-central,,kvm-s3562-1-ip156-76
l1ts-central-up,,kvm-s3562-1-ip156-76
l1ts-central-test,,kvm-s3562-1-ip151-23
l1ts-subsystem,,kvm-s3562-1-ip151-27
l1ts-trigger-dev,,kvm-s3562-1-ip151-26
l1ce,,kvm-s3562-1-ip156-82
l1page-legacy,,kvm-s3562-1-ip149-26
l1ts-twinmux-spare,,vmepc-s2g16-38-01
l1ts-dtts,,vmepc-s2g16-16-01
l1ts-cppf,,srv-s2g18-06-01

l1ts-ugt-test,,srv-s2g18-07-01
l1ts-spare_ugt,,srv-s2g18-07-01
l1ts-ugt,,srv-s2g18-09-01
l1ts-ugmt,,srv-s2g18-10-01
l1ts-calol1,,srv-s2g17-22-01
l1ts-emtf,,srv-s2g18-26-01
l1ts-omtf,,srv-s2g17-31-01
l1ts-bmtf,,srv-s2g16-34-01
l1ts-twinmux,,srv-s2g16-37-01

# Calo L1 trigger layer 2 aliases
l1ts-calol2-01,,srv-s2g17-37-01
l1ts-calol2-pro,,srv-s2g17-37-01
l1ts-calol2,,srv-s2g17-37-01
l1ts-calol2-02,,srv-s2g17-38-01
l1ts-calol2-dev,,srv-s2g17-38-01
l1ts-calol2-spare,,srv-s2g17-38-01

# Alias for frontier
dvfrontier1,,kvm-s3562-1-ip151-21
frontier0,,kvm-s3562-2-ip156-09
frontier1,,kvm-s3562-2-ip157-07
frontier2,,kvm-s3562-2-ip156-08
frontier-spare,,kvm-s3562-2-ip157-06

# Alias for Oracle RAC
#cmsorainfra01,,srv-C2C03-01
#cmsorainfra02,,srv-C2C03-02
#cmsorainfra03,,srv-C2C03-03
#cmsorainfra04,,srv-C2C03-04
# Aliases for the new Online Oracle RAC
#cmsonr1,,itrac5413.cern.ch.
#cmsonr2,,itrac5433.cern.ch.
#cmsonr3,,itrac5433.cern.ch.
#cmsonr4,,itrac5413.cern.ch.
#cmsonr1-v,,itrac5413-v.cern.ch.
#cmsonr2-v,,itrac5433-v.cern.ch.
#cmsonr3-v,,itrac5433-v.cern.ch.
#cmsonr4-v,,itrac5413-v.cern.ch.
#cmsonr1-s,,itrac5413-s.cern.ch.
#cmsonr2-s,,itrac5433-s.cern.ch.
#cmsonr3-s,,itrac5433-s.cern.ch.
#cmsonr4-s,,itrac5413-s.cern.ch.
cmsonr1,,cmsrac51
cmsonr2,,cmsrac52
cmsonr3,,cmsrac53
cmsonr4,,cmsrac51
cmsonr1-v,,cmsrac51-v
cmsonr2-v,,cmsrac52-v
cmsonr3-v,,cmsrac53-v
cmsonr4-v,,cmsrac51-v
cmsonr1-s,,cmsrac51-s
cmsonr2-s,,cmsrac52-s
cmsonr3-s,,cmsrac53-s
cmsonr4-s,,cmsrac51-s
# CMSINTR and CMSDIR aliases
# When it is in IT
#cmsintr1,,itrac5214.cern.ch.
#cmsintr1-s,,itrac5214-s.cern.ch.
#cmsintr1-v,,itrac5214-s.cern.ch.
#cmsintr2,,itrac5252.cern.ch.
#cmsintr2-s,,itrac5252-s.cern.ch.
#cmsintr2-v,,itrac5252-s.cern.ch.
# When it is in CMS
cmsintr1,,cmsrac51
cmsintr1-s,,cmsrac51-s
cmsintr1-v,,cmsrac51-v
cmsintr2,,cmsrac52
cmsintr2-s,,cmsrac52-s
cmsintr2-v,,cmsrac52-v
cmsintr3,,cmsrac53
cmsintr3-s,,cmsrac53-s
cmsintr3-v,,cmsrac53-v

# Alias for nagios / icinga
cmsicingael9,,srv-c2e47-33-08
cmsicinga2,,srv-c2e47-33-08
old-cmsicinga2,,ucsrv-c2f44-33-01

# CASTOR aliases
castorvme1,,vmepcs2b16-37
castorvme2,,vmepc-s2b16-34-01

# other aliases
cmseeled,,srv-s2f19-31-01
cmsdaqweb,,kvm-s3562-1-ip157-35
cmsdaqweb-test,,kvm-s3562-1-ip157-35
cmsdaqpro,,kvm-s3562-1-ip157-35
cms-scalers,,fedpc-s2d10-05-01
cms-scalersdev,,fedpc-s2d10-06-01
cms-lhcgmt,,ifpc-s2b16-15-01
# Points to a round robin alias !!!!
cmsitswrep,,swrep
cmswbm7b,,kvm-s3562-1-ip151-121
es-cdaq,,es-cdaq-run3

#Requested by william badgett (SR 114598)
cms-lhcgmtdev,,ifpc-s2b16-16-01

# PSX aliases (from XDAQ12 onwards)
psx-rcms,,kvm-s3562-3-ip157-39
psx-ecal,,kvm-s3562-3-ip157-45
psx-bril,,kvm-s3562-3-ip157-44
psx-tcds,,kvm-s3562-3-ip157-34
psx-rpc,,kvm-s3562-3-ip157-43
psx-dt,,kvm-s3562-3-ip157-46
psx-pix,,kvm-s3562-3-ip157-41
psx-trk,,kvm-s3562-3-ip157-40

# Central XAAS aliases
xaas-cdaq-01,,ucsrv-c2e41-07-01,p
xaas-cdaq-02,,ucsrv-c2e41-08-01,p
xaas-cdaq-03,,ucsrv-c2e41-09-01,p
xaas-cdaq-04,,ucsrv-c2e41-10-01,p
xaas-cdaq-05,,ucsrv-c2e41-11-01,p
xaas-cdaq-06,,ucsrv-c2e41-12-01,p
xaas-cdaq-07,,ucsrv-c2e41-13-01,p
xaas-cdaq-08,,ucsrv-c2e41-14-01,p
xaas-cdaq-09,,ucsrv-c2e41-18-01,p
xaas-ecal,,kvm-s3562-3-ip157-18,p
xaas-es,,kvm-s3562-3-ip157-19,p
xaas-minidaq,,kvm-s3562-3-ip157-20,p
xaas-hilton,,kvm-s3562-1-ip151-91,p
xaas-scal,,kvm-s3562-1-ip151-92,p
xaas-bril,,kvm-s3562-3-ip157-21,p
xaas-hcal,,kvm-s3562-3-ip157-22,p
xaas-tcdsp5,,kvm-s3562-3-ip157-34
xaas-rpc,,kvm-s3562-3-ip157-24,p
xaas-muondt,,kvm-s3562-3-ip157-25,p
xaas-emu,,kvm-s3562-3-ip157-26,p
xaas-pixel,,kvm-s3562-3-ip157-41,p
xaas-tracker,,kvm-s3562-3-ip157-28,p
xaas-trigger-01,,kvm-s3562-3-ip157-29
xaas-trigger-02,,kvm-s3562-3-ip157-23
xaas-totem,,kvm-s3562-3-ip157-30,p
xaas-ctpps,,kvm-s3562-3-ip157-31,p
xaas-cms,,kvm-s3562-3-ip157-32,p
xaas-tcdsdv,,dvsrv-c2f36-17-01
xaas-mtd,,kvm-s3562-3-ip157-36,p
xaas-zdc,,kvm-s3562-3-ip157-14,p

# WBM (CMSONS-10004)
cmsoms,,kvm-s3562-1-ip156-35
cmsoms-primary,,kvm-s3562-1-ip157-11
cmsoms-secondary,,kvm-s3562-1-ip156-35
cmsoms01,,kvm-s3562-1-ip156-36
cmsoms02,,kvm-s3562-1-ip156-37
cmsoms03,,kvm-s3562-1-ip156-38
cmsomsdev,,kvm-s3562-1-ip157-14
cmsomsdev79,,kvm-s3562-3-ip157-35
cmsoms-services,,kvm-s3562-1-ip156-39
cmsoms-eventing,,kvm-s3562-1-ip156-05
cmsoms-subsystems01,,kvm-s3562-1-ip157-17
cmsoms-subsystems03,,kvm-s3562-1-ip157-19

#Jeroen, Jira 9115
tcds-xaas,,kvm-s3562-3-ip157-34,p

# Old BPTXmon aliases (CMSONS-10379) repurposed on CMSONS-13446
xaas-tcdstest,,kvm-s3562-1-ip151-112
psx-tcdstest,,kvm-s3562-1-ip151-112


# Xaas, Jira CMSONS-15410
d3vfmmpc1,,d3vfmmpc-c2f31-04-01
d3vfrlpc1,,d3vfrlpc-c2f32-09-01
d3vfrlpc2,,d3vfrlpc-c2f32-11-01
d3vfrlpc3,,d3vfrlpc-c2f32-13-01
d3vfrlpc4,,d3vfrlpc40-c2e31-12-01
d3vrubu1,,d3vrubu-c2e33-06-01
d3vrubu2,,d3vrubu-c2e33-08-01
d3vrubu3,,d3vrubu-c2e33-10-01
d3vrubu4,,d3vrubu-c2e33-12-01
d3vrubu5,,d3vrubu-c2e34-14-01
d3vrubu6,,d3vrubu-c2e34-16-01
d3vrubu7,,d3vrubu-c2e34-18-01
d3vrubu8,,d3vrubu-c2e34-27-01
d3vrubu9,,d3vrubu-c2e34-29-01
d3vrubu10,,d3vrubu-c2e34-31-01
d3vrubu11,,d3vrubu-c2e34-33-01
d3vrubu12,,d3vrubu-c2e34-35-01
d3vrubu13,,d3vrubu-c2e34-37-01
d3vrubu14,,d3vrubu-c2e34-39-01


##
l1ts-xaas,,kvm-s3562-3-ip157-29,p
l1ts-store,,kvm-s3562-3-ip157-23,p
gct-pt5-usb19,,vmepc-s2d10-43-01
gct-pt5-usb20,,vmepc-s2d10-44-01

l1ts-gt-spare,,vmepcs2g17-01
l1ts-gmt-spare,,vmepcs2g17-01
l1ts-gmt-test,,vmepcs2g17-03
l1ts-gct-01,,vmepc-s2d10-43-01
l1ts-gct-02,,vmepc-s2d10-44-01
l1ts-rpc-01,,vmepc-s2g17-25-01
l1ts-rpc-02,,vmepc-s2g17-26-01
l1ts-rpc-03,,vmepc-s2g17-27-01
l1ts-rpc-04,,vmepc-s2g17-28-01
l1ts-rpc-05,,vmepc-s2g17-29-01
l1ts-dt-01,,vmepc-s2g16-18-01
l1ts-dt-02,,vmepc-s2g16-19-01
l1ts-dt-03,,vmepc-s2g16-20-01
l1ts-dt-04,,vmepc-s2g16-21-01
l1ts-dt-test,,vmepc-s2g16-17-01

# CC7.6 build machine for CMSOS
cmsos-build-01,,ucsrv-c2f44-25-03

#cc8.2 build machine for CMSOS
cmsos-build-02,,kvm-s3562-1-ip151-130

#RHEL8.5 build machine for CMSOS
cmsos-build-03,,kvm-s3562-1-ip156-100

# xdaq test cluster CMSONS-9433
xdaqdev1,,kvm-s3562-1-ip151-66
xdaqdev2,,kvm-s3562-1-ip151-67
xdaqdev3,,kvm-s3562-1-ip151-68
xdaqdev4,,kvm-s3562-1-ip151-69
# alma9 CMSONS-14870
xdaqdev5,,kvm-s3562-1-ip156-64

# Generic build machines
cmsbuild01,,kvm-s3562-1-ip151-118

#RCMS, Jira 8366
cmsrc-totem,,kvm-s3562-1-ip156-24
cmsrc-totemdev,,kvm-s3562-1-ip156-24

# oVirt alias
ovirtengine,,kvm-s3562-1-ip150-01

#DQM aliases
dqm-prod-local,,dqmsrv-c2a06-07-01
dqm-prod-offsite,,dqmsrv-c2a06-07-01
dqm-integration,,dqmsrv-c2a06-08-01
bu-dqm-prod,,dqmrubu-c2a06-01-01
bu-dqm-playback,,dqmrubu-c2a06-03-01
bu-dqm-subdets,,dqmrubu-c2a06-05-01

# Tracker aliases
tk-webmonitor-old,,srv-c2f38-23-01,p
tk-webmonitor,,srv-c2f38-25-01,p
tk-webmonitor-new,,srv-c2f38-25-01


# Aliases for DAQVAL
tcds-control-dv,,dvsrv-c2f36-16-01
tcds-xaas-dv,,dvsrv-c2f36-17-01,p
#dvferol-c2f32-19-00-dvfbs2v0,,dvfrlpc-c2f32-09-01
#dvferol-c2f32-28-00-dvfbs2v0,,dvfrlpc-c2f32-11-01
#ferol-c2f32-19-00-dvfbs2v0,,dvfrlpc-c2f32-09-01
ferol-c2f32-19-00-d3vfbs1v0,,d3vfrlpc-c2f32-09-01
ferol-c2f32-28-00-d3vfbs1v0,,d3vfrlpc-c2f32-11-01
ferol-c2f32-37-00-d3vfbs1v0,,d3vfrlpc-c2f32-13-01
# One below is for the Ferol 40 but it should in fact point to the R330 which is 10-01
ferol-c2d12-13-00-dvfbs2v0,,dvfrlpc40-c2d11-14-01
ferol-c2d12-03-00-dvfbs2v0,,frlpc40-c2d11-15-01
PDU-C2F31-03,,pdu-C2F31-20-01
PDU-C2F32-04,,pdu-C2F32-16-01
cmsrc-daqval,,kvm-s3562-1-ip156-11
cmsrc-daqvaldev,,kvm-s3562-1-ip156-11


# Aliases for DAQVAL 2 (Green Barrack)
# One off aliases
dv2idie,,dvsrv-b1a02-31-01
dv2brocade,,sw-mlxe16-b1b04-01
dv2force10,,sw-f10e300-b1a06-01
# Standard Aliases
pdu-b1c02-01,,pdu-b1c02-06-01,p
pdu-b1a01-01,,pdu-b1a01-35-01,p
pdu-b1a02-01,,pdu-b1a02-28-01,p
dvgtpepc-b1a01-01,,dvgtpepc-b1a01-13-01,p
dvgtpepc-b1a01-01,ipmi,dvgtpepc-b1a01-13-01,p
dvfmmpc-b1a02-01,,dvfmmpc-b1a02-40-01,p
dvefedpc-b1a02-04,,dvefedpc-b1a02-37-01,p
dvefedpc-b1a02-03,,dvefedpc-b1a02-36-01,p
dvefedpc-b1a02-02,,dvefedpc-b1a02-35-01,p
dvefedpc-b1a02-01,,dvefedpc-b1a02-34-01,p
dvsrv-b1a02-04,,dvsrv-b1a02-33-01,pf
dvsrv-b1a02-03,,dvsrv-b1a02-32-01,pf
dvsrv-b1a02-02,,dvsrv-b1a02-31-01,pf
dvsrv-b1a02-01,,dvsrv-b1a02-30-01,pf
dvfmmpc-b1a02-01,ipmi,dvfmmpc-b1a02-40-01,p
dvefedpc-b1a02-04,ipmi,dvefedpc-b1a02-37-01,p
dvefedpc-b1a02-03,ipmi,dvefedpc-b1a02-36-01,p
dvefedpc-b1a02-02,ipmi,dvefedpc-b1a02-35-01,p
dvefedpc-b1a02-01,ipmi,dvefedpc-b1a02-34-01,p
dvsrv-b1a02-04,ipmi,dvsrv-b1a02-33-01,p
dvsrv-b1a02-03,ipmi,dvsrv-b1a02-32-01,p
dvsrv-b1a02-02,ipmi,dvsrv-b1a02-31-01,p
dvsrv-b1a02-01,ipmi,dvsrv-b1a02-30-01,p

#Requested by hannes(SR 120197)
#cmsidie,,srv-c2c04-29

# Puppet related aliases
puppetca,,cms-pp3master-05,p
puppet3-srv-1,,cms-pp3master-05
puppet3-srv-2,,kvm-s3562-1-ip156-71
puppet3-srv-3,,kvm-s3562-1-ip156-72
puppet3-srv-4,,kvm-s3562-1-ip157-31
puppet3-srv-5,,kvm-s3562-1-ip157-32


# Puppet 5 related
puppet5-ca,,kvm-s3562-1-ip149-58,p
puppet5-srv-1,,kvm-s3562-1-ip149-58
puppet5-srv-2,,kvm-s3562-1-ip156-73
puppet5-srv-3,,kvm-s3562-1-ip157-33
puppet5-srv-4,,kvm-s3562-1-ip156-86
puppet5-srv-5,,kvm-s3562-1-ip157-48

# Aliases for the DCS blades
#cms-cen-dcs-u2,,DCS-S2F16-07-02
#cms-cen-dcs-u3,,DCS-S2F16-07-03
#cms-cen-dcs-u4,,DCS-S2F16-07-04
#cms-trk-dcs-u1,,DCS-S2F16-07-09
#cms-trk-dcs-u2,,DCS-S2F16-07-10
#cms-trk-dcs-u3,,DCS-S2F16-07-11
#cms-trk-dcs-u4,,DCS-S2F16-07-12
#cms-ecal-dcs-u1,,DCS-S2F16-22-03
#cms-ecal-dcs-u2,,DCS-S2F16-22-04
#cms-ecal-dcs-u3,,DCS-S2F16-22-05
#cms-ecal-dcs-u4,,DCS-S2F16-22-06
#cms-dt-dcs-u1,,DCS-S2F16-07-06
#cms-dt-dcs-u2,,DCS-S2F16-07-07
#cms-dt-dcs-u3,,DCS-S2F16-07-08
#totem-dcs-u1,,DCS-S2F16-22-01
#totem-dcs-u2,,DCS-S2F16-22-02
#cms-brm-dcs-u1,,DCS-S2F16-07-05
#cms-alig-sen-u1,,DCS-S2F16-07-05
#cms-rpc-dcs-u1,,DCS-S2F16-07-13
#cms-rpc-dcs-u2,,DCS-S2F16-07-14

cms-cen-dcs-1-p1,,DCS-C2F43-07-01
cms-cen-dcs-2-p1,,DCS-C2F43-07-02
cms-cen-dcs-3-p1,,DCS-C2F43-07-03
cms-cen-dcs-1-p2,,DCS-S2F16-07-01
cms-cen-dcs-2-p2,,DCS-S2F16-07-02
#cms-cen-dcs-3-p2,,DCS-S2F16-07-03

cms-trk-dcs-1-p1,,DCS-C2F43-07-04
cms-trk-dcs-2-p1,,DCS-C2F43-07-05
cms-trk-dcs-3-p1,,DCS-C2F43-07-06
cms-trk-dcs-4-p1,,DCS-C2F43-07-07
cms-trk-dcs-1-p2,,DCS-S2F16-07-04
cms-trk-dcs-2-p2,,DCS-S2F16-07-05
cms-trk-dcs-3-p2,,DCS-S2F16-07-06
cms-trk-dcs-4-p2,,DCS-S2F16-07-07

cms-ecal-dcs-1-p1,,DCS-C2F43-07-08
cms-ecal-dcs-2-p1,,DCS-C2F43-14-01
cms-ecal-dcs-3-p1,,DCS-C2F43-14-02
cms-ecal-dcs-1-p2,,DCS-S2F16-07-08
cms-ecal-dcs-2-p2,,DCS-S2F16-14-01
cms-ecal-dcs-3-p2,,DCS-S2F16-14-02

cms-dt-dcs-1-p1,,DCS-C2F43-14-03
cms-dt-dcs-2-p1,,DCS-C2F43-14-04
cms-dt-dcs-3-p1,,DCS-C2F43-14-05
cms-dt-dcs-4-p1,,DCS-C2F43-14-06
cms-dt-dcs-1-p2,,DCS-S2F16-14-03
cms-dt-dcs-2-p2,,DCS-S2F16-14-04
cms-dt-dcs-3-p2,,DCS-S2F16-14-05
cms-dt-dcs-4-p2,,DCS-S2F16-14-06

cms-csc-dcs-1-p1,,DCS-C2F43-14-07
cms-csc-dcs-2-p1,,DCS-C2F43-14-08
cms-csc-dcs-3-p1,,DCS-C2F43-24-01
cms-csc-dcs-4-p1,,DCS-C2F43-24-02
cms-csc-dcs-1-p2,,DCS-S2F16-14-07
cms-csc-dcs-2-p2,,DCS-S2F16-14-08
cms-csc-dcs-3-p2,,DCS-S2F16-24-01
cms-csc-dcs-4-p2,,DCS-S2F16-24-02

totem-dcs-1-p1,,DCS-C2F43-24-03
totem-dcs-1-p2,,DCS-S2F16-24-03

cms-brm-dcs-1-p1,,DCS-C2F43-24-04
cms-brm-dcs-1-p2,,DCS-S2F16-24-04

cms-hcal-dcs-1-p1,,DCS-C2F43-24-05
cms-hcal-dcs-1-p2,,DCS-S2F16-24-05

cms-rpc-dcs-1-p1,,DCS-C2F43-24-06
cms-rpc-dcs-1-p2,,DCS-S2F16-24-06

cms-gem-dcs-1-p1,,DCS-C2F43-24-07
cms-gem-dcs-1-p2,,DCS-S2F16-24-07

cms-safe-dcs-1-p1,,DCS-C2F43-24-08
cms-safe-dcs-1-p2,,DCS-S2F16-24-08

cms-trg-dcs-1-p1,,DCS-C2F43-31-01
cms-trg-dcs-1-p2,,DCS-S2F16-31-01

cms-sen-dcs-1-p1,,DCS-C2F43-31-02
cms-sen-dcs-1-p2,,DCS-S2F16-31-02


### SR 141060. Alias for BRIL development.
#brildev01,,srv-c2c04-07
#brildev02,,srv-c2d05-18
#brildev03,,srv-c2d05-19
pltvme2,,vmepc-s2d16-06-01
brilvme1,,vmepc-s2d16-07-01
pltvme1,,vmepc-s2d16-07-01
brilvme3,,vmepc-s2d16-09-01
#brilvme4,,vmepc-s2d16-10-01
bcm1fvme,,vmepc-s2d16-10-01
#brilutca1,,srv-s2d16-14-01
#brilutca2,,srv-s2d16-15-01
#brilutca3,,srv-s2d16-16-01
brilop02,,srv-s2d16-18-01
brilop01,,srv-s2d16-21-01
brilop05,,srv-s2d16-26-01
brilop03,,srv-s2d16-27-01
brilop04,,srv-s2d16-28-01
brildev1,,srv-s2d16-29-01
brildev2,,srv-s2d16-30-01
brildevspare,,srv-s2d16-31-01
bcm1futcapsu,,psu-s1e10-07-01

### SR 141599. Alias for HCAL machines.
hcaldqm,,srv-s2f17-08-01
hcalutca01,,srv-s2f17-19-01
hcalmon,,srv-s2f17-17-01
hcalvme07,,vmepc-s2f17-15-01
hcalngccm02,,srv-s2f17-07-01
hcalngccm03,,srv-s2f17-09-01
hcalngccm01,,srv-s2f17-10-01
zdcdaq01,,srv-s2f17-21-01

# DAQ2 Mellanox IB switches
# Primary MGMT port
sw-iblf-12,,sw-ib-c2f14-44-01
sw-iblf-11,,sw-ib-c2f14-42-01
sw-iblf-10,,sw-ib-c2f14-40-01
sw-iblf-09,,sw-ib-c2f14-38-01
sw-iblf-08,,sw-ib-c2f14-36-01
sw-iblf-07,,sw-ib-c2f14-34-01
sw-iblf-06,,sw-ib-c2f14-14-01
sw-iblf-05,,sw-ib-c2f14-12-01
sw-iblf-04,,sw-ib-c2f14-10-01
sw-iblf-03,,sw-ib-c2f14-08-01
sw-iblf-02,,sw-ib-c2f14-06-01
sw-iblf-01,,sw-ib-c2f14-04-01
sw-iblf-00,,sw-ib-c2f14-02-01
sw-ib-minidaq,,sw-ib-c2f14-02-01
sw-ibsp-06,,sw-ib-c2f15-29-01
sw-ibsp-05,,sw-ib-c2f15-27-01
sw-ibsp-04,,sw-ib-c2f15-25-01
sw-ibsp-03,,sw-ib-c2f15-23-01
sw-ibsp-02,,sw-ib-c2f15-21-01
sw-ibsp-01,,sw-ib-c2f15-19-01
# Secondary MGMT port
sw-iblf-12-02,,sw-ib-c2f14-44-02
sw-iblf-11-02,,sw-ib-c2f14-42-02
sw-iblf-10-02,,sw-ib-c2f14-40-02
sw-iblf-09-02,,sw-ib-c2f14-38-02
sw-iblf-08-02,,sw-ib-c2f14-36-02
sw-iblf-07-02,,sw-ib-c2f14-34-02
sw-iblf-06-02,,sw-ib-c2f14-14-02
sw-iblf-05-02,,sw-ib-c2f14-12-02
sw-iblf-04-02,,sw-ib-c2f14-10-02
sw-iblf-03-02,,sw-ib-c2f14-08-02
sw-iblf-02-02,,sw-ib-c2f14-06-02
sw-iblf-01-02,,sw-ib-c2f14-04-02
sw-iblf-00-02,,sw-ib-c2f14-02-02
sw-ib-minidaq-02,,sw-ib-c2f14-02-02
sw-ibsp-06-02,,sw-ib-c2f15-29-02
sw-ibsp-05-02,,sw-ib-c2f15-27-02
sw-ibsp-04-02,,sw-ib-c2f15-25-02
sw-ibsp-03-02,,sw-ib-c2f15-23-02
sw-ibsp-02-02,,sw-ib-c2f15-21-02
sw-ibsp-01-02,,sw-ib-c2f15-19-02

# DAQ2 FRLPC FEROL aliases
ferol-s1b02-18-00-fbs0v0,,frlpc-s1d06-01-01
ferol-s1b02-27-00-fbs0v0,,frlpc-s1d06-02-01
ferol-s1b02-36-00-fbs0v0,,frlpc-s1d06-03-01
ferol-s1b06-18-00-fbs0v0,,frlpc-s1d06-04-01
ferol-s1b06-27-00-fbs0v0,,frlpc-s1d06-05-01
ferol-s1b06-36-00-fbs0v0,,frlpc-s1d06-07-01
ferol-s1b07-18-00-fbs0v0,,frlpc-s1d06-08-01
ferol-s1b07-27-00-fbs0v0,,frlpc-s1d06-09-01
ferol-s1b11-18-00-fbs0v0,,frlpc-s1d06-10-01
#ferol-s1c01-09r-00-fbs0v0,,frlpc-s1d06-11-01
#ferol-s1c01-09l-00-fbs0v0,,frlpc-s1d06-12-01
ferol-s1c01-18-00-fbs0v0,,frlpc-s1d06-13-01
ferol-s1c01-27-00-fbs0v0,,frlpc-s1d06-14-01
ferol-s1c01-36-00-fbs0v0,,frlpc-s1d06-15-01
ferol-s1c01-45-00-fbs0v0,,frlpc-s1d06-16-01
ferol-s1c02-18-00-fbs0v0,,frlpc-s1d06-18-01
ferol-s1c02-27-00-fbs0v0,,frlpc-s1d06-19-01
ferol-s1c06-18-00-fbs0v0,,frlpc-s1d06-20-01
ferol-s1c06-27-00-fbs0v0,,frlpc-s1d06-21-01
ferol-s1c06-36-00-fbs0v0,,frlpc-s1d06-22-01
ferol-s1c07-18-00-fbs0v0,,frlpc-s1d06-23-01
ferol-s1c07-27-00-fbs0v0,,frlpc-s1d06-24-01
ferol-s1c11-18-00-fbs0v0,,frlpc-s1d06-25-01
ferol-s1c11-27-00-fbs0v0,,frlpc-s1d06-35-01
ferol-s1f09-09r-00-fbs0v0,,frlpc-s1d06-26-01
ferol-s1f09-09l-00-fbs0v0,,frlpc-s1d06-41-01
ferol-s1f09-18r-00-fbs0v0,,frlpc-s1d06-27-01
#ferol-s1f09-18l-00-fbs0v0,,frlpc-s1d06-29-01
ferol-s1f09-27-00-fbs0v0,,frlpc-s1d06-37-01
ferol-s1f09-45-00-fbs0v0,,frlpc-s1d06-36-01
#ferol-s1g05-09-00-fbs0v0,,frlpc-s1d06-30-01
ferol-s1g05-18-00-fbs0v0,,frlpc-s1d06-31-01
#ferol-s1g05-27-00-fbs0v0,,frlpc-s1d06-32-01
#ferol-s1g05-36-00-fbs0v0,,frlpc-s1d06-33-01
ferol-s1g05-45-00-fbs0v0,,frlpc-s1d06-34-01
#ferol-s1c02-36-00-fbs0v0,,frlpc-s1d06-38-01
ferol-s1c02-45r-00-fbs0v0,,frlpc-s1d06-40-01
#ferol-s1c02-45l-00-fbs0v0,,frlpc-s1d06-42-01
ferol-s2c02-09-00-fbs0v0,,frlpc-s2d10-09-01
ferol-s2c02-18-00-fbs0v0,,frlpc-s2d10-10-01
ferol-s2c02-27-00-fbs0v0,,frlpc-s2d10-11-01
ferol-s2f10-09l-00-fbs0v0,,frlpc-s2d10-12-01
ferol-s2f10-09r-00-fbs0v0,,frlpc-s2d10-13-01
ferol-s2f10-18l-00-fbs0v0,,frlpc-s2d10-14-01
ferol-s2f10-18r-00-fbs0v0,,frlpc-s2d10-15-01
ferol-s2f10-27-00-fbs0v0,,frlpc-s2d10-16-01
#ferol-s2f10-27l-00-fbs0v0,,frlpc-s2d10-07-01
ferol-s2f10-36-00-fbs0v0,,frlpc-s2d10-23-01
#ferol-s2f10-36l-00-fbs0v0,,frlpc-s2d10-24-01
ferol-s2f10-45-00-fbs0v0,,frlpc-s2d10-26-01
ferol-s2d09-09-00-fbs0v0,,frlpc-s2d10-17-01
ferol-s2d09-18-00-fbs0v0,,frlpc-s2d10-18-01
ferol-s2d09-27-00-fbs0v0,,frlpc-s2d10-20-01
ferol-s2d09-36-00-fbs0v0,,frlpc-s2d10-25-01
ferol-s2b05-18-00-fbs0v0,,frlpc-s2d10-21-01
#ferol-s2b05-27-00-fbs0v0,,frlpc-s2d10-22-01
# Ferol40 PCs
ferol-s2d18-02-00-fbs0v0,,frlpc40-s2d19-38-01
ferol-s2d18-13-00-fbs0v0,,frlpc40-s2d19-39-01
ferol-s2d18-23-00-fbs0v0,,frlpc40-s2d19-40-01
ferol-s2d18-33-00-fbs0v0,,frlpc40-s2d19-41-01

# Aliases for the TCDS uTCA devices
tcds-control-light,,srv-s2b16-19-01
#
tcds-tcdstest,,srv-s2b16-28-01
#
tcds-control-central,,srv-s2b16-29-01
tcds-control-mi,,srv-s2b16-29-01
#
tcds-control-bril-pri,,srv-s2b16-31-01
tcds-control-bril-sec,,srv-s2b16-33-01
#
tcds-control-cpm-pri,,srv-s2b16-30-01
tcds-control-cpm-sec,,srv-s2b16-32-01
#
tcds-control-csc-pri,,srv-s2b16-31-01
tcds-control-csc-sec,,srv-s2b16-33-01
#
tcds-control-dt-pri,,srv-s2b16-31-01
tcds-control-dt-sec,,srv-s2b16-33-01
#
tcds-control-ecal-pri,,srv-s2b16-30-01
tcds-control-ecal-sec,,srv-s2b16-32-01
#
tcds-control-hcal-pri,,srv-s2b16-30-01
tcds-control-hcal-sec,,srv-s2b16-32-01
#
tcds-control-misc-pri,,srv-s2b16-30-01
tcds-control-misc-sec,,srv-s2b16-32-01
#
tcds-control-rpc-pri,,srv-s2b16-31-01
tcds-control-rpc-sec,,srv-s2b16-33-01
#
tcds-control-tracker-pri,,srv-s2b16-31-01
tcds-control-tracker-sec,,srv-s2b16-33-01
#
tcds-control-trigger-pri,,srv-s2b16-31-01
tcds-control-trigger-sec,,srv-s2b16-33-01
#
tcds-control-pixel-pri,,srv-s2b16-31-01
tcds-control-pixel-sec,,srv-s2b16-33-01
#
tcds-control-deadwood1-pri,,srv-s2b16-30-01
tcds-control-deadwood2-pri,,srv-s2b16-31-01
tcds-control-deadwood1-sec,,srv-s2b16-32-01
tcds-control-deadwood2-sec,,srv-s2b16-33-01
# Crate S1E03/U10
phasemon-ttc,,amc-s1e03-10-01
phasemon-clk,,amc-s1e03-10-02
# Crate S1E03/U36
#mch-s1e03-36-01,,
cpmt1-pri,,amc-s1e03-36-13-t1
cpmt2-pri,,amc-s1e03-36-13-t2
lpm-pri-1,,amc-s1e03-36-01
lpm-pri-2,,amc-s1e03-36-02
lpm-tracker-pri,,amc-s1e03-36-02
lpm-tracker-sec,,amc-s1e02-36-02
lpm-pri-3,,amc-s1e03-36-03
lpm-rpc-pri,,amc-s1e03-36-03
lpm-rpc-sec,,amc-s1e02-36-03
lpm-pri-4,,amc-s1e03-36-04
lpm-csc-pri,,amc-s1e03-36-04
lpm-csc-sec,,amc-s1e02-36-04
lpm-pri-5,,amc-s1e03-36-05
lpm-dt-pri,,amc-s1e03-36-05
lpm-dt-sec,,amc-s1e02-36-05
lpm-pri-6,,amc-s1e03-36-06
lpm-misc-pri,,amc-s1e03-36-06
lpm-misc-sec,,amc-s1e02-36-06
lpm-pri-7,,amc-s1e03-36-07
lpm-bril-pri,,amc-s1e03-36-07
lpm-bril-sec,,amc-s1e02-36-07
lpm-pri-8,,amc-s1e03-36-08
lpm-hcal-pri,,amc-s1e03-36-08
lpm-hcal-sec,,amc-s1e02-36-08
lpm-pri-9,,amc-s1e03-36-09
lpm-ecal-pri,,amc-s1e03-36-09
lpm-ecal-sec,,amc-s1e02-36-09
lpm-pri-10,,amc-s1e03-36-10
lpm-trigger-pri,,amc-s1e03-36-10
lpm-trigger-sec,,amc-s1e02-36-10
lpm-pri-11,,amc-s1e03-36-11
lpm-pri-12,,amc-s1e03-36-12
lpm-pixel-pri,,amc-s1e03-36-01
lpm-pixel-sec,,amc-s1e02-36-01

# Crate SE202/U27
pi-pxcln,,amc-s1e02-27-10

# Crate S1E03/U27
#mch-s1e03-27-01,,
pi-ugt,,amc-s1e03-27-01
#pi-gtup,,amc-s1e03-27-01
pi-calstage1,,amc-s1e03-27-02
pi-calol2,,amc-s1e03-27-03
#pi-caltrigup,,amc-s1e03-27-03
pi-twinmux,,amc-s1e03-27-04
pi-mutf,,amc-s1e03-27-05
#pi-mutrigup,,amc-s1e03-27-05
#pi-mutfup,,amc-s1e03-27-05
#,,amc-s1e03-27-06
pi-gempilot,,amc-s1e03-27-07
#pi-scal,,amc-s1e03-27-08
pi-calol1,,amc-s1e03-27-09
#pi-rct,,amc-s1e03-27-09
#,,amc-s1e03-27-10
pi-ugtspare,,amc-s1e03-27-11
#pi-gtupspare,,amc-s1e03-27-11
pi-milliqan,,amc-s1e03-27-12
cpmt1-trig,,amc-s1e03-27-13-t1
cpmt2-trig,,amc-s1e03-27-13-t2

# Crate S1E03/U18
#mch-s1e03-18-01,,
cpmt1-calo,,amc-s1e03-18-13-t1
cpmt2-calo,,amc-s1e03-18-13-t2
pi-hbhea,,amc-s1e03-18-01
pi-hbheb,,amc-s1e03-18-02
pi-hbhec,,amc-s1e03-18-03
pi-ho,,amc-s1e03-18-04
pi-hf,,amc-s1e03-18-05
pi-eem,,amc-s1e03-18-06
pi-ebm,,amc-s1e03-18-07
pi-ebp,,amc-s1e03-18-08
pi-eep,,amc-s1e03-18-09
pi-esm,,amc-s1e03-18-10
pi-esp,,amc-s1e03-18-11
pi-zdc,,amc-s1e03-18-12

# Crate S1E03/U10
#mch-s1e03-10-01,,
#amc-s1e03-10-01,,
#amc-s1e03-10-02,,
#amc-s1e03-10-03,,
#amc-s1e03-10-07,,
#amc-s1e03-10-08,,
#amc-s1e03-10-09,,
#amc-s1e03-10-10,,
#amc-s1e03-10-11,,
#amc-s1e03-10-12,,

# Crate S1E02/U36
#mch-s1e02-36-01,,
cpmt1-sec,,amc-s1e02-36-13-t1
cpmt2-sec,,amc-s1e02-36-13-t2
lpm-sec-1,,amc-s1e02-36-01
lpm-sec-2,,amc-s1e02-36-02
lpm-sec-3,,amc-s1e02-36-03
lpm-sec-4,,amc-s1e02-36-04
lpm-sec-5,,amc-s1e02-36-05
lpm-sec-6,,amc-s1e02-36-06
lpm-sec-7,,amc-s1e02-36-07
lpm-sec-8,,amc-s1e02-36-08
lpm-sec-9,,amc-s1e02-36-09
lpm-sec-10,,amc-s1e02-36-10
lpm-sec-11,,amc-s1e02-36-11
lpm-sec-12,,amc-s1e02-36-12

# Crate S1E02/U27
#mch-s1e02-27-01,,
cpmt1-tk,,amc-s1e02-27-13-t1
cpmt2-tk,,amc-s1e02-27-13-t2
#amc-s1e02-27-01,,
pi-tecm,,amc-s1e02-27-02
pi-tecp,,amc-s1e02-27-03
pi-tibtid,,amc-s1e02-27-04
pi-tob,,amc-s1e02-27-05
#amc-s1e02-27-06,,
pi-bpixm,,amc-s1e02-27-06
#amc-s1e02-27-07,,
pi-bpixp,,amc-s1e02-27-07
#amc-s1e02-27-08,,
pi-fpixm,,amc-s1e02-27-08
#amc-s1e02-27-09,,
pi-fpixp,,amc-s1e02-27-09
#amc-s1e02-27-10,,
#amc-s1e02-27-11,,
#amc-s1e02-27-12,,

# Crate S1E02/U18
#mch-s1e02-18-01,,
cpmt1-muon,,amc-s1e02-18-13-t1
cpmt2-muon,,amc-s1e02-18-13-t2
pi-rpc1,,amc-s1e02-18-01
pi-rpc2,,amc-s1e02-18-02
pi-cscm,,amc-s1e02-18-03
pi-cscp,,amc-s1e02-18-04
pi-gemm,,amc-s1e02-18-05
pi-gemp,,amc-s1e02-18-06
pi-dtm1,,amc-s1e02-18-07
pi-dtm2,,amc-s1e02-18-08
pi-dt0,,amc-s1e02-18-09
pi-dtp1,,amc-s1e02-18-10
pi-dtp2,,amc-s1e02-18-11
pi-dtup,,amc-s1e02-18-12

# Crate S1E02/U10
# #,,mch-s1e02-10-01
cpmt1-misc,,amc-s1e02-10-13-t1
cpmt2-misc,,amc-s1e02-10-13-t2
pi-tottrg,,amc-s1e02-10-02
pi-totdet,,amc-s1e02-10-03
pi-plt,,amc-s1e02-10-04
pi-bhm,,amc-s1e02-10-05
pi-bcmvme,,amc-s1e02-10-06
pi-bcmutca,,amc-s1e02-10-07
#amc-s1e02-10-08,,
pi-ctpps,,amc-s1e02-10-09
#amc-s1e02-10-10,,
#amc-s1e02-10-11,,
#amc-s1e02-10-12,,


# Alias for the datanetwork monitoring machine of Andrea Petrucci
datanetmon,,kvm-s3562-1-ip156-04
datanetmondev,,kvm-s3562-1-ip150-07

# Alias for BRIL nodes: CMSONS-7296
brilutca1,,srv-s2d16-14-01
utcahflumi,,srv-s2d16-14-01
utcabhm,,srv-s2d16-15-01
brilutca2,,srv-s2d16-15-01
utcabcm1f,,srv-s2d16-16-01
brilutca3,,srv-s2d16-16-01
opradmon,,vmepc-s2d16-09-01
vmebptx,,vmepc-s2d16-08-01
brilvme2,,vmepc-s2d16-08-01
vmebcm1f,,vmepc-s2d16-10-01
brilvme4,,vmepc-s2d16-10-01

# Aliases for HCAL uTCA nodes
# HCAL crate 32
hcal-uhtr-32-01,,amc-s2f07-44-01
hcal-uhtr-32-02,,amc-s2f07-44-02
hcal-uhtr-32-03,,amc-s2f07-44-03
hcal-uhtr-32-04,,amc-s2f07-44-04
hcal-uhtr-32-05,,amc-s2f07-44-05
hcal-uhtr-32-06,,amc-s2f07-44-06
hcal-uhtr-32-07,,amc-s2f07-44-07
hcal-uhtr-32-08,,amc-s2f07-44-08
hcal-uhtr-32-09,,amc-s2f07-44-09
hcal-uhtr-32-10,,amc-s2f07-44-10
hcal-uhtr-32-11,,amc-s2f07-44-11
hcal-uhtr-32-12,,amc-s2f07-44-12
hcal-amc13-32-t1,,amc-s2f07-44-13-t1
hcal-amc13-32-t2,,amc-s2f07-44-13-t2
hcal-mch-32,,mch-s2f07-44-01
# HCAL crate 33
hcal-uhtr-33-01,,amc-s2f07-14-01
hcal-uhtr-33-02,,amc-s2f07-14-02
hcal-uhtr-33-03,,amc-s2f07-14-03
hcal-uhtr-33-04,,amc-s2f07-14-04
hcal-uhtr-33-05,,amc-s2f07-14-05
hcal-uhtr-33-06,,amc-s2f07-14-06
hcal-uhtr-33-07,,amc-s2f07-14-07
hcal-uhtr-33-08,,amc-s2f07-14-08
hcal-uhtr-33-09,,amc-s2f07-14-09
hcal-uhtr-33-10,,amc-s2f07-14-10
hcal-uhtr-33-11,,amc-s2f07-14-11
hcal-uhtr-33-12,,amc-s2f07-14-12
hcal-amc13-33-t1,,amc-s2f07-14-13-t1
hcal-amc13-33-t2,,amc-s2f07-14-13-t2
hcal-mch-33,,mch-s2f07-14-01
# HCAL crate 34
hcal-uhtr-34-01,,amc-s2f08-17-01
hcal-uhtr-34-02,,amc-s2f08-17-02
hcal-uhtr-34-03,,amc-s2f08-17-03
hcal-uhtr-34-04,,amc-s2f08-17-04
hcal-uhtr-34-05,,amc-s2f08-17-05
hcal-uhtr-34-06,,amc-s2f08-17-06
hcal-uhtr-34-07,,amc-s2f08-17-07
hcal-uhtr-34-08,,amc-s2f08-17-08
hcal-uhtr-34-09,,amc-s2f08-17-09
hcal-uhtr-34-10,,amc-s2f08-17-10
hcal-uhtr-34-11,,amc-s2f08-17-11
hcal-uhtr-34-12,,amc-s2f08-17-12
hcal-amc13-34-t1,,amc-s2f08-17-13-t1
hcal-amc13-34-t2,,amc-s2f08-17-13-t2
hcal-mch-34,,mch-s2f08-17-01
# HCAL crate 35
hcal-uhtr-35-01,,amc-s2f08-27-01
hcal-uhtr-35-02,,amc-s2f08-27-02
hcal-uhtr-35-03,,amc-s2f08-27-03
hcal-uhtr-35-04,,amc-s2f08-27-04
hcal-uhtr-35-05,,amc-s2f08-27-05
hcal-uhtr-35-06,,amc-s2f08-27-06
hcal-uhtr-35-07,,amc-s2f08-27-07
hcal-uhtr-35-08,,amc-s2f08-27-08
hcal-uhtr-35-09,,amc-s2f08-27-09
hcal-uhtr-35-10,,amc-s2f08-27-10
hcal-uhtr-35-11,,amc-s2f08-27-11
hcal-uhtr-35-12,,amc-s2f08-27-12
hcal-amc13-35-t1,,amc-s2f08-27-13-t1
hcal-amc13-35-t2,,amc-s2f08-27-13-t2
hcal-mch-35,,mch-s2f08-27-01
# HCAL crate 38
# Currently points to the crate which it is replacing
hcal-uhtr-38-01,,amc-s2f07-14-01
hcal-uhtr-38-02,,amc-s2f07-14-02
hcal-uhtr-38-03,,amc-s2f07-14-03
hcal-uhtr-38-04,,amc-s2f07-14-04
hcal-uhtr-38-05,,amc-s2f07-14-05
hcal-uhtr-38-06,,amc-s2f07-14-06
hcal-uhtr-38-07,,amc-s2f07-14-07
hcal-uhtr-38-08,,amc-s2f07-14-08
hcal-uhtr-38-09,,amc-s2f07-14-09
hcal-uhtr-38-10,,amc-s2f07-14-10
hcal-uhtr-38-11,,amc-s2f07-14-11
hcal-uhtr-38-12,,amc-s2f07-14-12
hcal-amc13-38-t1,,amc-s2f07-14-13-t1
hcal-amc13-38-t2,,amc-s2f07-14-13-t2
hcal-mch-38,,mch-s2f07-14-01
# HCAL crate 39
hcal-ngfec-39-01,,amc-s2f05-20-01
hcal-ngfec-39-02,,amc-s2f05-20-02
hcal-ngfec-39-03,,amc-s2f05-20-03
hcal-ngfec-39-04,,amc-s2f05-20-04
hcal-ngfec-39-05,,amc-s2f05-20-05
hcal-ngfec-39-06,,amc-s2f05-20-06
hcal-ngfec-39-07,,amc-s2f05-20-07
hcal-ngfec-39-08,,amc-s2f05-20-08
hcal-ngfec-39-09,,amc-s2f05-20-09
hcal-ngfec-39-10,,amc-s2f05-20-10
hcal-ngfec-39-11,,amc-s2f05-20-11
hcal-ngfec-39-12,,amc-s2f05-20-12
hcal-amc13-39-t1,,amc-s2f05-20-13-t1
hcal-amc13-39-t2,,amc-s2f05-20-13-t2
hcal-mch-39,,mch-s2f05-20-01
# HCAL crate 40
hcal-ngfec-40-01,,amc-s2f05-28-01
hcal-ngfec-40-02,,amc-s2f05-28-02
hcal-ngfec-40-03,,amc-s2f05-28-03
hcal-ngfec-40-04,,amc-s2f05-28-04
hcal-ngfec-40-05,,amc-s2f05-28-05
hcal-ngfec-40-06,,amc-s2f05-28-06
hcal-ngfec-40-07,,amc-s2f05-28-07
hcal-ngfec-40-08,,amc-s2f05-28-08
hcal-ngfec-40-09,,amc-s2f05-28-09
hcal-ngfec-40-10,,amc-s2f05-28-10
hcal-ngfec-40-11,,amc-s2f05-28-11
hcal-ngfec-40-12,,amc-s2f05-28-12
hcal-amc13-40-t1,,amc-s2f05-28-13-t1
hcal-amc13-40-t2,,amc-s2f05-28-13-t2
hcal-mch-40,,mch-s2f05-28-01
# HCAL crate 37
hcal-uhtr-37-01,,amc-s2f09-28-01
hcal-uhtr-37-02,,amc-s2f09-28-02
hcal-uhtr-37-03,,amc-s2f09-28-03
hcal-uhtr-37-04,,amc-s2f09-28-04
hcal-uhtr-37-05,,amc-s2f09-28-05
hcal-uhtr-37-06,,amc-s2f09-28-06
hcal-uhtr-37-07,,amc-s2f09-28-07
hcal-uhtr-37-08,,amc-s2f09-28-08
hcal-uhtr-37-09,,amc-s2f09-28-09
hcal-uhtr-37-10,,amc-s2f09-28-10
hcal-uhtr-37-11,,amc-s2f09-28-11
hcal-uhtr-37-12,,amc-s2f09-28-12
hcal-amc13-37-t1,,amc-s2f09-28-13-t1
hcal-amc13-37-t2,,amc-s2f09-28-13-t2
hcal-mch-37,,mch-s2f09-28-01
# HCAL crate 20
hcal-uhtr-20-01,,amc-s2f01-17-01
hcal-uhtr-20-02,,amc-s2f01-17-02
hcal-uhtr-20-03,,amc-s2f01-17-03
hcal-uhtr-20-04,,amc-s2f01-17-04
hcal-uhtr-20-05,,amc-s2f01-17-05
hcal-uhtr-20-06,,amc-s2f01-17-06
hcal-uhtr-20-07,,amc-s2f01-17-07
hcal-uhtr-20-08,,amc-s2f01-17-08
hcal-uhtr-20-09,,amc-s2f01-17-09
hcal-uhtr-20-10,,amc-s2f01-17-10
hcal-uhtr-20-11,,amc-s2f01-17-11
hcal-uhtr-20-12,,amc-s2f01-17-12
hcal-amc13-20-t1,,amc-s2f01-17-13-t1
hcal-amc13-20-t2,,amc-s2f01-17-13-t2
hcal-mch-20,,mch-s2f01-17-01
# HCAL crate 21
hcal-uhtr-21-01,,amc-s2f01-27-01
hcal-uhtr-21-02,,amc-s2f01-27-02
hcal-uhtr-21-03,,amc-s2f01-27-03
hcal-uhtr-21-04,,amc-s2f01-27-04
hcal-uhtr-21-05,,amc-s2f01-27-05
hcal-uhtr-21-06,,amc-s2f01-27-06
hcal-uhtr-21-07,,amc-s2f01-27-07
hcal-uhtr-21-08,,amc-s2f01-27-08
hcal-uhtr-21-09,,amc-s2f01-27-09
hcal-uhtr-21-10,,amc-s2f01-27-10
hcal-uhtr-21-11,,amc-s2f01-27-11
hcal-uhtr-21-12,,amc-s2f01-27-12
hcal-amc13-21-t1,,amc-s2f01-27-13-t1
hcal-amc13-21-t2,,amc-s2f01-27-13-t2
hcal-mch-21,,mch-s2f01-27-01
# HCAL crate 22
hcal-uhtr-22-01,,amc-s2f07-27-01
hcal-uhtr-22-02,,amc-s2f07-27-02
hcal-uhtr-22-03,,amc-s2f07-27-03
hcal-uhtr-22-04,,amc-s2f07-27-04
hcal-uhtr-22-05,,amc-s2f07-27-05
hcal-uhtr-22-06,,amc-s2f07-27-06
hcal-uhtr-22-07,,amc-s2f07-27-07
hcal-uhtr-22-08,,amc-s2f07-27-08
hcal-uhtr-22-09,,amc-s2f07-27-09
hcal-uhtr-22-10,,amc-s2f07-27-10
hcal-uhtr-22-11,,amc-s2f07-27-11
hcal-uhtr-22-12,,amc-s2f07-27-12
hcal-amc13-22-t1,,amc-s2f07-27-13-t1
hcal-amc13-22-t2,,amc-s2f07-27-13-t2
hcal-mch-22,,mch-s2f07-27-01
# HCAL crate 23
hcal-uhtr-23-01,,amc-s2f02-14-01
hcal-uhtr-23-02,,amc-s2f02-14-02
hcal-uhtr-23-03,,amc-s2f02-14-03
hcal-uhtr-23-04,,amc-s2f02-14-04
hcal-uhtr-23-05,,amc-s2f02-14-05
hcal-uhtr-23-06,,amc-s2f02-14-06
hcal-uhtr-23-07,,amc-s2f02-14-07
hcal-uhtr-23-08,,amc-s2f02-14-08
hcal-uhtr-23-09,,amc-s2f02-14-09
hcal-uhtr-23-10,,amc-s2f02-14-10
hcal-uhtr-23-11,,amc-s2f02-14-11
hcal-uhtr-23-12,,amc-s2f02-14-12
hcal-amc13-23-t1,,amc-s2f02-14-13-t1
hcal-amc13-23-t2,,amc-s2f02-14-13-t2
hcal-mch-23,,mch-s2f02-14-01
# HCAL crate 24
hcal-uhtr-24-01,,amc-s2f03-17-01
hcal-uhtr-24-02,,amc-s2f03-17-02
hcal-uhtr-24-03,,amc-s2f03-17-03
hcal-uhtr-24-04,,amc-s2f03-17-04
hcal-uhtr-24-05,,amc-s2f03-17-05
hcal-uhtr-24-06,,amc-s2f03-17-06
hcal-uhtr-24-07,,amc-s2f03-17-07
hcal-uhtr-24-08,,amc-s2f03-17-08
hcal-uhtr-24-09,,amc-s2f03-17-09
hcal-uhtr-24-10,,amc-s2f03-17-10
hcal-uhtr-24-11,,amc-s2f03-17-11
hcal-uhtr-24-12,,amc-s2f03-17-12
hcal-amc13-24-t1,,amc-s2f03-17-13-t1
hcal-amc13-24-t2,,amc-s2f03-17-13-t2
hcal-mch-24,,mch-s2f03-17-01
# HCAL crate 25
hcal-uhtr-25-01,,amc-s2f03-27-01
hcal-uhtr-25-02,,amc-s2f03-27-02
hcal-uhtr-25-03,,amc-s2f03-27-03
hcal-uhtr-25-04,,amc-s2f03-27-04
hcal-uhtr-25-05,,amc-s2f03-27-05
hcal-uhtr-25-06,,amc-s2f03-27-06
hcal-uhtr-25-07,,amc-s2f03-27-07
hcal-uhtr-25-08,,amc-s2f03-27-08
hcal-uhtr-25-09,,amc-s2f03-27-09
hcal-uhtr-25-10,,amc-s2f03-27-10
hcal-uhtr-25-11,,amc-s2f03-27-11
hcal-uhtr-25-12,,amc-s2f03-27-12
hcal-amc13-25-t1,,amc-s2f03-27-13-t1
hcal-amc13-25-t2,,amc-s2f03-27-13-t2
hcal-mch-25,,mch-s2f03-27-01
# HCAL crate 26
hcal-uhtr-26-01,,amc-s2f04-29-01
hcal-uhtr-26-02,,amc-s2f04-29-02
hcal-uhtr-26-03,,amc-s2f04-29-03
hcal-uhtr-26-04,,amc-s2f04-29-04
hcal-uhtr-26-05,,amc-s2f04-29-05
hcal-uhtr-26-06,,amc-s2f04-29-06
hcal-uhtr-26-07,,amc-s2f04-29-07
hcal-uhtr-26-08,,amc-s2f04-29-08
hcal-uhtr-26-09,,amc-s2f04-29-09
hcal-uhtr-26-10,,amc-s2f04-29-10
hcal-uhtr-26-11,,amc-s2f04-29-11
hcal-uhtr-26-12,,amc-s2f04-29-12
hcal-amc13-26-t1,,amc-s2f04-29-13-t1
hcal-amc13-26-t2,,amc-s2f04-29-13-t2
hcal-mch-26,,mch-s2f04-29-01
# HCAL crate 27
hcal-uhtr-27-01,,amc-s2f04-14-01
hcal-uhtr-27-02,,amc-s2f04-14-02
hcal-uhtr-27-03,,amc-s2f04-14-03
hcal-uhtr-27-04,,amc-s2f04-14-04
hcal-uhtr-27-05,,amc-s2f04-14-05
hcal-uhtr-27-06,,amc-s2f04-14-06
hcal-uhtr-27-07,,amc-s2f04-14-07
hcal-uhtr-27-08,,amc-s2f04-14-08
hcal-uhtr-27-09,,amc-s2f04-14-09
hcal-uhtr-27-10,,amc-s2f04-14-10
hcal-uhtr-27-11,,amc-s2f04-14-11
hcal-uhtr-27-12,,amc-s2f04-14-12
hcal-amc13-27-t1,,amc-s2f04-14-13-t1
hcal-amc13-27-t2,,amc-s2f04-14-13-t2
hcal-mch-27,,mch-s2f04-14-01
# HCAL crate 28
hcal-uhtr-28-01,,amc-s2e14-24-01
hcal-uhtr-28-02,,amc-s2e14-24-02
hcal-uhtr-28-03,,amc-s2e14-24-03
hcal-uhtr-28-04,,amc-s2e14-24-04
hcal-uhtr-28-05,,amc-s2e14-24-05
hcal-uhtr-28-06,,amc-s2e14-24-06
hcal-uhtr-28-07,,amc-s2e14-24-07
hcal-uhtr-28-08,,amc-s2e14-24-08
hcal-ngfec-28-09,,amc-s2e14-24-09
hcal-uhtr-28-10,,amc-s2e14-24-10
hcal-uhtr-28-11,,amc-s2e14-24-11
hcal-uhtr-28-12,,amc-s2e14-24-12
hcal-amc13-28-t1,,amc-s2e14-24-13-t1
hcal-amc13-28-t2,,amc-s2e14-24-13-t2
hcal-mch-28,,mch-s2e14-24-01
# HCAL crate 29
hcal-uhtr-29-01,,amc-s2f07-35-01
hcal-uhtr-29-02,,amc-s2f07-35-02
hcal-uhtr-29-03,,amc-s2f07-35-03
hcal-uhtr-29-04,,amc-s2f07-35-04
hcal-uhtr-29-05,,amc-s2f07-35-05
hcal-uhtr-29-06,,amc-s2f07-35-06
hcal-uhtr-29-07,,amc-s2f07-35-07
hcal-uhtr-29-08,,amc-s2f07-35-08
hcal-uhtr-29-09,,amc-s2f07-35-09
hcal-uhtr-29-10,,amc-s2f07-35-10
hcal-uhtr-29-11,,amc-s2f07-35-11
hcal-uhtr-29-12,,amc-s2f07-35-12
hcal-amc13-29-t1,,amc-s2f07-35-13-t1
hcal-amc13-29-t2,,amc-s2f07-35-13-t2
hcal-mch-29,,mch-s2f07-35-01
# HCAL crate 30
hcal-uhtr-30-01,,amc-s2f06-17-01
hcal-uhtr-30-02,,amc-s2f06-17-02
hcal-uhtr-30-03,,amc-s2f06-17-03
hcal-uhtr-30-04,,amc-s2f06-17-04
hcal-uhtr-30-05,,amc-s2f06-17-05
hcal-uhtr-30-06,,amc-s2f06-17-06
hcal-uhtr-30-07,,amc-s2f06-17-07
hcal-uhtr-30-08,,amc-s2f06-17-08
hcal-uhtr-30-09,,amc-s2f06-17-09
hcal-uhtr-30-10,,amc-s2f06-17-10
hcal-uhtr-30-11,,amc-s2f06-17-11
hcal-uhtr-30-12,,amc-s2f06-17-12
hcal-amc13-30-t1,,amc-s2f06-17-13-t1
hcal-amc13-30-t2,,amc-s2f06-17-13-t2
hcal-mch-30,,mch-s2f06-17-01
# HCAL crate 31
hcal-uhtr-31-01,,amc-s2f06-27-01
hcal-uhtr-31-02,,amc-s2f06-27-02
hcal-uhtr-31-03,,amc-s2f06-27-03
hcal-uhtr-31-04,,amc-s2f06-27-04
hcal-uhtr-31-05,,amc-s2f06-27-05
hcal-uhtr-31-06,,amc-s2f06-27-06
hcal-uhtr-31-07,,amc-s2f06-27-07
hcal-uhtr-31-08,,amc-s2f06-27-08
hcal-uhtr-31-09,,amc-s2f06-27-09
hcal-uhtr-31-10,,amc-s2f06-27-10
hcal-uhtr-31-11,,amc-s2f06-27-11
hcal-uhtr-31-12,,amc-s2f06-27-12
hcal-amc13-31-t1,,amc-s2f06-27-13-t1
hcal-amc13-31-t2,,amc-s2f06-27-13-t2
hcal-mch-31,,mch-s2f06-27-01

# Aliases for the GEM uTCA cards
# Shelf02 is s2e01-23
gem-shelf01-amc01,,amc-s2e01-23-01
gem-shelf01-amc02,,amc-s2e01-23-02
gem-shelf01-amc03,,amc-s2e01-23-03
gem-shelf01-amc04,,amc-s2e01-23-04
gem-shelf01-amc05,,amc-s2e01-23-05
gem-shelf01-amc06,,amc-s2e01-23-06
gem-shelf01-amc07,,amc-s2e01-23-07
gem-shelf01-amc08,,amc-s2e01-23-08
gem-shelf01-amc09,,amc-s2e01-23-09
gem-shelf01-amc10,,amc-s2e01-23-10
gem-shelf01-amc11,,amc-s2e01-23-11
gem-shelf01-amc12,,amc-s2e01-23-12
gem-shelf01-amc13-t1,,amc-s2e01-23-13-t1
gem-shelf01-amc13-t2,,amc-s2e01-23-13-t2
# Shelf02 is s2e01-14
gem-shelf02-amc01,,amc-s2e01-14-01
gem-shelf02-amc02,,amc-s2e01-14-02
gem-shelf02-amc03,,amc-s2e01-14-03
gem-shelf02-amc04,,amc-s2e01-14-04
gem-shelf02-amc05,,amc-s2e01-14-05
gem-shelf02-amc06,,amc-s2e01-14-06
gem-shelf02-amc07,,amc-s2e01-14-07
gem-shelf02-amc08,,amc-s2e01-14-08
gem-shelf02-amc09,,amc-s2e01-14-09
gem-shelf02-amc10,,amc-s2e01-14-10
gem-shelf02-amc11,,amc-s2e01-14-11
gem-shelf02-amc12,,amc-s2e01-14-12
gem-shelf02-amc13-t1,,amc-s2e01-14-13-t1
gem-shelf02-amc13-t2,,amc-s2e01-14-13-t2

# Bridge PC (control hub) for HCAL uTCA crates
bridge-s2f01-17,,ctrl-s2c16-25-01
bridge-s2f01-27,,ctrl-s2c16-25-01
bridge-s2f03-17,,ctrl-s2c16-25-01
bridge-s2f03-27,,ctrl-s2c16-25-01
bridge-s2f06-17,,ctrl-s2c16-25-01
bridge-s2f06-27,,ctrl-s2c16-25-01
bridge-s2f08-17,,ctrl-s2c16-25-01
bridge-s2f08-27,,ctrl-s2c16-25-01
bridge-s2f09-28,,ctrl-s2c16-25-01
bridge-hbhe,,ctrl-s2c16-25-01
#ctrlhub-hcal-01,,ctrl-s2c16-25-01
ctrlhub-hbhe-01,,ctrl-s2c16-25-01
controlhub-hcal-daq,,ctrl-s2c16-25-01
controlhub-hbhe-daq,,ctrl-s2c16-25-01
# HF, HO, Laser
bridge-s2f02-14,,ctrl-s2c16-09-01
bridge-s2f04-14,,ctrl-s2c16-09-01
bridge-s2f04-29,,ctrl-s2c16-09-01
bridge-s2f07-14,,ctrl-s2c16-09-01
bridge-s2f07-27,,ctrl-s2c16-09-01
bridge-s2f07-35,,ctrl-s2c16-09-01
bridge-s2f07-44,,ctrl-s2c16-09-01
bridge-s2f09-36,,ctrl-s2c16-09-01
bridge-hf,,ctrl-s2c16-09-01
bridge-ho,,ctrl-s2c16-09-01
bridge-hcallaser,,ctrl-s2c16-09-01
ctrlhub-hfhohl-01,,ctrl-s2c16-09-01
controlhub-hfhohl-daq,,ctrl-s2c16-09-01
# Crate 39
bridge-s2f05-20,,ctrl-s2c16-14-01
ctrlhub-hcal39-01,,ctrl-s2c16-14-01
controlhub-hf-fec,,ctrl-s2c16-14-01
# Crate 40
bridge-s2f05-28,,ctrl-s2c16-24-01
ctrlhub-hcal40-01,,ctrl-s2c16-24-01
controlhub-hbhec-fec,,ctrl-s2c16-24-01

# Bridge PC (control hub) for Muon Upgrade uTCA crates
bridge-s1e04-43,,ctrl-s2c16-21-01
bridge-s1d03-09,,ctrl-s2c16-21-01
bridge-s1d03-17,,ctrl-s2c16-21-01
bridge-s1d04-08,,ctrl-s2c16-21-01
bridge-s1d05-06,,ctrl-s2c16-21-01
bridge-s1d05-13,,ctrl-s2c16-21-01
bridge-s1d05-21,,ctrl-s2c16-21-01
bridge-s1d05-28,,ctrl-s2c16-21-01
ctrlhub-mtf-01,,ctrl-s2c16-21-01
bridge-cppf,,ctrl-s2c16-21-01
bridge-bmtf,,ctrl-s2c16-21-01
bridge-omtf,,ctrl-s2c16-21-01
bridge-emtf,,ctrl-s2c16-21-01
bridge-ugmt,,ctrl-s2c16-21-01

# Bridge PC (control hub) for the TwinMux uTCA crates
bridge-s1d07-41,,ctrl-s2c16-18-01
bridge-s1d07-10,,ctrl-s2c16-18-01
bridge-s1d07-27,,ctrl-s2c16-18-01
bridge-s1d08-12,,ctrl-s2c16-18-01
bridge-s1d08-29,,ctrl-s2c16-18-01
bridge-s1d08-42,,ctrl-s2c16-18-01
ctrlhub-twinmux-01,,ctrl-s2c16-18-01
bridge-twinmux,,ctrl-s2c16-18-01

# Bridge PC (control hub) for the TwinMux uROS uTCA crates
bridge-s1d14-22,,ctrl-s2c16-15-01
bridge-s1d14-38,,ctrl-s2c16-15-01
bridge-s1d15-22,,ctrl-s2c16-15-01
bridge-s1d15-38,,ctrl-s2c16-15-01
ctrlhub-uros-01,,ctrl-s2c16-15-01

# Bridge PC (control hub) for the CTPPS uTCA crates
bridge-s2a02-31,,ctrl-s2c16-11-01
ctrlhub-ctpps-01,,ctrl-s2c16-11-01

# Calo Layer 2 aliases
bridge-s2d11-17,,ctrl-s2c16-08-01
bridge-s2d11-29,,ctrl-s2c16-08-01
bridge-s2d11-43,,ctrl-s2c16-08-01
bridge-s2d13-43,,ctrl-s2c16-08-01
# uGCT or Lalo Layer 2 Stage 1 control Hub: OLD SHOULD BE REMOVED ?????, CURRENTLY JUST KEEP WHERE IT IS
bridge-s1e05-08,,ctrl-s2c16-08-01
ctrlhub-calol2-01,,ctrl-s2c16-08-01
bridge-calol2,,ctrl-s2c16-08-01
ctrl-calol2,,ctrl-s2c16-08-01

# uTCA spare control Hubs
bridge-ip35-spare,,ctrl-s2c17-18-01
bridge-ip36-spare,,ctrl-s2c17-21-01
bridge-ip37-spare,,ctrl-s2c16-22-01
bridge-ip38-spare,,ctrl-s2c16-17-01
bridge-ip38-spare2,,ctrl-s2c16-12-01
bridge-ip39-spare,,ctrl-s2c16-16-01

# uGT and uGT Test control Hub
bridge-s1e04-32,,ctrl-s2c16-10-01
bridge-s1e04-07,,ctrl-s2c16-10-01
ctrlhub-ugt-01,,ctrl-s2c16-10-01
bridge-ugt,,ctrl-s2c16-10-01

# GEM control Hub
bridge-s2e01-04,,ctrl-s2c17-22-01
bridge-s2e01-14,,ctrl-s2c17-22-01
bridge-s2e01-23,,ctrl-s2c17-22-01
ctrlhub-gem-01,,ctrl-s2c17-22-01

# ZDC control hub
bridge-s2e14-24,,ctrl-s2c17-23-01
ctrlhub-zdc-01,,ctrl-s2c17-23-01
bridge-zdc,,ctrl-s2c17-23-01

# Pixel Pilot control Hub
#bridge-s1g03-13,,ctrl-s2c16-07-01
# Above should not longer be used. Should all be deleted.
# Pixel control Hubs
bridge-s1g01-18,,ctrl-s2c17-06-01,p
ctrlhub-pixel-01,,ctrl-s2c17-06-01
bridge-s1g01-27,,ctrl-s2c17-07-01,p
ctrlhub-pixel-02,,ctrl-s2c17-07-01
bridge-s1g01-36,,ctrl-s2c17-08-01,p
ctrlhub-pixel-03,,ctrl-s2c17-08-01
bridge-s1g01-45,,ctrl-s2c17-09-01,p
ctrlhub-pixel-04,,ctrl-s2c17-09-01
bridge-s1g03-18,,ctrl-s2c17-10-01,p
ctrlhub-pixel-05,,ctrl-s2c17-10-01
bridge-s1g03-27,,ctrl-s2c17-11-01,p
ctrlhub-pixel-06,,ctrl-s2c17-11-01
bridge-s1g03-36,,ctrl-s2c17-12-01,p
ctrlhub-pixel-07,,ctrl-s2c17-12-01
bridge-s1g03-45,,ctrl-s2c17-13-01,p
ctrlhub-pixel-08,,ctrl-s2c17-13-01
bridge-s1g04-18,,ctrl-s2c17-14-01,p
ctrlhub-pixel-09,,ctrl-s2c17-14-01
bridge-s1g04-27,,ctrl-s2c17-15-01,p
ctrlhub-pixel-10,,ctrl-s2c17-15-01
bridge-s1g04-36,,ctrl-s2c17-16-01,p
ctrlhub-pixel-11,,ctrl-s2c17-16-01
bridge-s1g04-45,,ctrl-s2c17-17-01,p
ctrlhub-pixel-12,,ctrl-s2c17-17-01
bridge-s2d17-27,,ctrl-s2c17-25-01,p
ctrlhub-pixel-hr,,ctrl-s2c17-25-01

# Control Hub for TCDS uTCA devices
ctrlhub-tcds-01,,ctrl-s2c16-06-01
ctrlhub-tcds-02,,ctrl-s2c16-07-01
ctrlhub-tcds-03,,ctrl-s2c16-20-01
bridge-s1e02-36,,ctrl-s2c16-06-01
bridge-s1e03-36,,ctrl-s2c16-06-01
bridge-s1e02-10,,ctrl-s2c16-07-01
bridge-s1e02-18,,ctrl-s2c16-07-01
bridge-s1e02-27,,ctrl-s2c16-07-01
bridge-s1e03-10,,ctrl-s2c16-20-01
bridge-s1e03-18,,ctrl-s2c16-20-01
bridge-s1e03-27,,ctrl-s2c16-20-01
#bridge-s1e01-27,,
# Control Hub for TCDS Light uTCA devices
ctrlhub-tcdslight-01,,ctrl-s2c17-24-01
bridge-s1c11-35,,ctrl-s2c17-24-01
bridge-s1c11-43,,ctrl-s2c17-24-01
# Control Hub for FEROL40 is shared with TCDS
bridge-s2d18-02,,ctrl-s2c16-06-01
bridge-s2d18-13,,ctrl-s2c16-06-01
bridge-s2d18-23,,ctrl-s2c16-06-01
bridge-s2d18-33,,ctrl-s2c16-06-01

# BRIL control hub
ctrlhub-bril-01,,ctrl-s2c16-13-01
# BCM1F
bridge-s1e10-05,,ctrl-s2c16-13-01
bridge-s1e10-14,,ctrl-s2c16-13-01
# BHM
bridge-s1f08-11,,ctrl-s2c16-13-01
bridge-s1f08-27,,ctrl-s2c16-13-01

# Wisconsin control Hub
bridge-s2e09-46,,ctrl-s2c16-23-01
bridge-s2e10-20,,ctrl-s2c16-23-01
bridge-s2e10-33,,ctrl-s2c16-23-01
bridge-s2e10-46,,ctrl-s2c16-23-01
ctrlhub-calolayer1-01,,ctrl-s2c16-23-01
# Move to the one below during YETS_17-18 but require rename of the NFS area also
#ctrlhub-calol1-01,,ctrl-s2c16-23-01
bridge-calol1,,ctrl-s2c16-23-01

# Control Hubs for DAQ2VAL uTCA devices
bridge-c2d12-03,,dvctrl-c2d11-07-01
bridge-c2d12-13,,dvctrl-c2d11-07-01
bridge-c2d12-33,,dvctrl-c2d11-07-01
bridge-pxcln-09,,dvctrl-c2d11-07-01
bridge-pxcln-20,,dvctrl-c2d11-07-01
ctrlhub-dcstest-01,,dvctrl-c2d11-11-01
xaas-tcdsd2v,,dvsrv-c2f36-17-01
cpm-d2v-t1,,amc-c2d12-33-13-t1
cpm-d2v-t2,,amc-c2d12-33-13-t2
lpm-d2v-1,,amc-c2d12-33-01
pi-d2v-11,,amc-c2d12-33-02
pi-d2v-12,,amc-c2d12-33-03
pi-d2v-13,,amc-c2d12-33-04
pi-d2v-17,,amc-c2d12-33-10
pi-d2v-18,,amc-c2d12-33-11

# Pixel clean room
# Data switch serial port host
serial-sw-eth-c2f33-06-01,,ru-c2f33-10-01
#pxcln-ru,,ru-c2e31-10-01
#pxcln-bu,,bu-c2e31-11-01
#pxcln-fu,,fu-c2e31-13-01
#pxcln-srv,,srv-c2e31-15-01
#pxcln-frlpc40,,frlpc40-c2d11-15-01

# Run2 Central Servers
hyperv-s3562-1-ip151-01,,ncsrv-c2e42-09-01
hyperv-s3562-1-ip151-02,,ncsrv-c2e42-11-01
hyperv-s3562-1-ip151-03,,ncsrv-c2e42-13-01
hyperv-s3562-1-ip151-04,,ncsrv-c2e42-19-01
hyperv-s3562-1-ip151-05,,ncsrv-c2e42-21-01
hyperv-s3562-1-ip151-06,,ncsrv-c2e42-23-01

# EvB unit test machines
evb-unittests,,kvm-s3562-1-ip156-30
evb-utc-el9,,kvm-s3562-1-ip156-29
evb-utc-cc8,,kvm-s3562-1-ip157-13


# conddb
#cms-conddb,,kvm-s3562-1-ip151-28
#cms-conddb-1,,kvm-s3562-1-ip151-28
cms-conddb,,kvm-s3562-1-ip157-03
cms-conddb-1,,kvm-s3562-1-ip157-03
cms-conddb-2,,kvm-s3562-1-ip156-07
#cms-conddb-2,,kvm-s3562-1-ip150-33

# DAQ Expert (CMSONS-8996)
daq-expert,,kvm-s3562-1-ip157-07
daq-expert-dev,,kvm-s3562-1-ip157-08

# Alias for the Sound system
cms-wow,,scx5scr25mac
# Alias for the Control room machines
l1ts-shifter,,scx5scr72

# Alias for the Linux aDAQmon machine
cms-adaqmon,,kvm-s3562-1-ip149-23

# Aliases for the sw-ib or sw-eth to convert them to swib- or sweth-
swib-c2f14-02-01,,sw-ib-c2f14-02-01,p
swib-c2f14-02-02,,sw-ib-c2f14-02-02,p
swib-c2f14-04-01,,sw-ib-c2f14-04-01,p
swib-c2f14-04-02,,sw-ib-c2f14-04-02,p
swib-c2f14-06-01,,sw-ib-c2f14-06-01,p
swib-c2f14-06-02,,sw-ib-c2f14-06-02,p
swib-c2f14-08-01,,sw-ib-c2f14-08-01,p
swib-c2f14-08-02,,sw-ib-c2f14-08-02,p
swib-c2f14-10-01,,sw-ib-c2f14-10-01,p
swib-c2f14-10-02,,sw-ib-c2f14-10-02,p
swib-c2f14-12-01,,sw-ib-c2f14-12-01,p
swib-c2f14-12-02,,sw-ib-c2f14-12-02,p
swib-c2f14-14-01,,sw-ib-c2f14-14-01,p
swib-c2f14-14-02,,sw-ib-c2f14-14-02,p
swib-c2f14-34-01,,sw-ib-c2f14-34-01,p
swib-c2f14-34-02,,sw-ib-c2f14-34-02,p
swib-c2f14-36-01,,sw-ib-c2f14-36-01,p
swib-c2f14-36-02,,sw-ib-c2f14-36-02,p
swib-c2f14-38-01,,sw-ib-c2f14-38-01,p
swib-c2f14-38-02,,sw-ib-c2f14-38-02,p
swib-c2f14-40-01,,sw-ib-c2f14-40-01,p
swib-c2f14-40-02,,sw-ib-c2f14-40-02,p
swib-c2f14-42-01,,sw-ib-c2f14-42-01,p
swib-c2f14-42-02,,sw-ib-c2f14-42-02,p
swib-c2f14-44-01,,sw-ib-c2f14-44-01,p
swib-c2f14-44-02,,sw-ib-c2f14-44-02,p
swib-c2f15-19-01,,sw-ib-c2f15-19-01,p
swib-c2f15-19-02,,sw-ib-c2f15-19-02,p
swib-c2f15-21-01,,sw-ib-c2f15-21-01,p
swib-c2f15-21-02,,sw-ib-c2f15-21-02,p
swib-c2f15-23-01,,sw-ib-c2f15-23-01,p
swib-c2f15-23-02,,sw-ib-c2f15-23-02,p
swib-c2f15-25-01,,sw-ib-c2f15-25-01,p
swib-c2f15-25-02,,sw-ib-c2f15-25-02,p
swib-c2f15-27-01,,sw-ib-c2f15-27-01,p
swib-c2f15-27-02,,sw-ib-c2f15-27-02,p
swib-c2f15-29-01,,sw-ib-c2f15-29-01,p
swib-c2f15-29-02,,sw-ib-c2f15-29-02,p
sweth-c2d31-06-01,,sw-eth-c2d31-06-01,p
sweth-c2d32-06-01,,sw-eth-c2d32-06-01,p
sweth-c2d33-06-01,,sw-eth-c2d33-06-01,p
sweth-c2d34-06-01,,sw-eth-c2d34-06-01,p
sweth-c2d35-06-01,,sw-eth-c2d35-06-01,p
sweth-c2d36-06-01,,sw-eth-c2d36-06-01,p
sweth-c2d37-06-01,,sw-eth-c2d37-06-01,p
sweth-c2d38-06-01,,sw-eth-c2d38-06-01,p
sweth-c2d41-06-01,,sw-eth-c2d41-06-01,p
sweth-c2d42-06-01,,sw-eth-c2d42-06-01,p
sweth-c2d43-06-01,,sw-eth-c2d43-06-01,p
sweth-c2d44-06-01,,sw-eth-c2d44-06-01,p
sweth-c2d45-06-01,,sw-eth-c2d45-06-01,p
sweth-c2d46-06-01,,sw-eth-c2d46-06-01,p
sweth-c2d47-06-01,,sw-eth-c2d47-06-01,p
#sweth-c2e18-05-01,,sw-eth-c2e18-05-01,p
sweth-c2e18-07-01,,sw-eth-c2e18-07-01,p
sweth-c2e23-08-01,,sw-eth-c2e23-08-01,p
sweth-c2e23-11-01,,sw-eth-c2e23-11-01,p
sweth-c2e23-17-01,,sw-eth-c2e23-17-01,p
sweth-c2e23-20-01,,sw-eth-c2e23-20-01,p
sweth-c2e23-23-01,,sw-eth-c2e23-23-01,p
sweth-c2e23-26-01,,sw-eth-c2e23-26-01,p
sweth-c2e23-29-01,,sw-eth-c2e23-29-01,p
sweth-c2e23-32-01,,sw-eth-c2e23-32-01,p
sweth-c2e23-35-01,,sw-eth-c2e23-35-01,p
sweth-c2e23-38-01,,sw-eth-c2e23-38-01,p
sweth-c2e23-41-01,,sw-eth-c2e23-41-01,p
sweth-c2e24-08-01,,sw-eth-c2e24-08-01,p
sweth-c2e24-11-01,,sw-eth-c2e24-11-01,p
sweth-c2e24-17-01,,sw-eth-c2e24-17-01,p
sweth-c2e24-20-01,,sw-eth-c2e24-20-01,p
sweth-c2e24-23-01,,sw-eth-c2e24-23-01,p
sweth-c2e24-26-01,,sw-eth-c2e24-26-01,p
sweth-c2e24-29-01,,sw-eth-c2e24-29-01,p
sweth-c2e24-32-01,,sw-eth-c2e24-32-01,p
sweth-c2e24-35-01,,sw-eth-c2e24-35-01,p
sweth-c2e24-38-01,,sw-eth-c2e24-38-01,p
sweth-c2e24-41-01,,sw-eth-c2e24-41-01,p
sweth-c2f11-05-01,,sw-eth-c2f11-05-01,p
sweth-c2f12-05-01,,sw-eth-c2f12-05-01,p
sweth-c2f12-07-01,,sw-eth-c2f12-07-01,p
sweth-c2f12-11-01,,sw-eth-c2f12-11-01,p
sweth-c2f13-05-01,,sw-eth-c2f13-05-01,p
sweth-c2f16-05-01,,sw-eth-c2f16-05-01,p
#sweth-c2f16-07-01,,sw-eth-c2f16-07-01,p

# GEM machines
gem-daq01,,srv-s2g18-33-01
gem-daq02,,srv-s2g18-31-01
gem-locdaq01,,srv-s2g18-34-01
gem-locdaq02,,srv-s2g18-32-01
gemvm-test,,kvm-s3562-1-ip157-30
gemvm-control,,kvm-s3562-1-ip156-65
gemvm-pico,,kvm-s3562-1-ip157-43

# GEM PSU
GEM-GE11-HV-01,,GEM-HV-01

# Control network switches in C2A0[123456] racks and aliases
sw-ctrl-c2a01-26-01,,D3562-1V-IP3-SHPYL-0403
sw-ctrl-c2a01-48-01,,D3562-1V-IP4-SHPYL-0403
sw-ctrl-c2a02-26-01,,D3562-1V-IP5-SHPYL-0503
sw-ctrl-c2a02-48-01,,D3562-1V-IP6-SHPYL-0503
sw-ctrl-c2a03-26-01,,D3562-1V-IP7-SHPYL-0603
sw-ctrl-c2a03-48-01,,D3562-1V-IP8-SHPYL-0603
sw-ctrl-c2a04-26-01,,D3562-1V-IP9-SHPYL-0803
sw-ctrl-c2a04-48-01,,D3562-1V-IP10-SHPYL-0803
sw-ctrl-c2a05-26-01,,D3562-1V-IP11-SHPYL-0903
sw-ctrl-c2a05-48-01,,D3562-1V-IP12-SHPYL-0903
sw-ctrl-c2a06-48-01,,D3562-1V-IP95-SHPYL-1003

# Control network switches in C2B0[123456] racks and aliases
sw-ctrl-c2b01-48-01,,D3562-1V-IP13-SBR4L-0409
sw-ctrl-c2b02-48-01,,D3562-1V-IP14-SBR4L-0509
sw-ctrl-c2b03-48-01,,D3562-1V-IP15-SBR4L-0609
sw-ctrl-c2b04-48-01,,D3562-1V-IP16-SBR4L-0809
sw-ctrl-c2b05-48-01,,D3562-1V-IP17-SBR4L-0909
sw-ctrl-c2b06-48-01,,D3562-1V-IP18-SBR4L-1009

# Control network switches in C2B1[23] racks and aliases
sw-ctrl-c2b12-48-01,,D3562-1V-IP19-SBR4L-1309
sw-ctrl-c2b13-48-01,,D3562-1V-IP20-SBR4L-1409

# Control network switches upstairs aliases
rt-ctrl-sp3562-1-01,,D3562-1-RJUXL-1
rt-ctrl-sp3562-1-02,,D3562-1-RJUXL-2
sw-ctrl-sp3562-1-1g-01,,D3562-1-IP1-SHPYL-1
sw-ctrl-sp3562-1-1g-02,,D3562-1-IP2-SHPYL-1
sw-ctrl-sp3562-1-1g-03,,D3562-1-IP105-PHPYM-1
sw-ctrl-sp3562-1-1g-04,,D3562-1-IP200-LBR4M-1
sw-ctrl-sp3562-1-1g-05,,D3562-1-PW1-SBR4L-1
sw-ctrl-c2a11-1g-01,,D3562-1V-IP159-SHPYL-1103
sw-ctrl-c2a14-1g-01,,D3562-1V-IP160-SHPYL-1503
sw-ctrl-c2a15-1g-01,,D3562-1V-IP161-SHPYL-1703
sw-ctrl-c2a16-1g-01,,D3562-1V-IP162-SHPYL-1803
sw-ctrl-c2a48-1g-01,,D3562-1V-IP103-SHP3M-4503
sw-ctrl-c2d07-1g-01,,D3562-1V-IP53-SHPYL-0914
sw-ctrl-c2d08-1g-01,,D3562-1V-IP54-SHP3M-1014
sw-ctrl-c2d11-1g-01,,D3562-1V-IP55-SHPYL-1414
sw-ctrl-c2d13-1g-01,,D3562-1V-IP57-SHPYL-1614
sw-ctrl-c2d14-1g-01,,D3562-1V-IP58-SHPYL-1714
sw-ctrl-c2d15-1g-01,,D3562-1V-IP59-SHPYL-1814
sw-ctrl-c2d16-1g-01,,D3562-1V-IP60-SHPYL-1914
sw-ctrl-c2d17-1g-01,,D3562-1V-IP61-SHPYL-2014
sw-ctrl-c2d18-1g-01,,D3562-1V-IP62-SHPYL-2114
sw-ctrl-c2d31-1g-01,,D3562-1V-IP101-SHPYL-2814
sw-ctrl-c2d31-1g-02,,D3562-1V-IP138-SHPYL-4021
sw-ctrl-c2d32-1g-01,,D3562-1V-IP107-SHPYL-2914
sw-ctrl-c2d33-1g-01,,D3562-1V-IP108-SHPYL-3014
sw-ctrl-c2d34-1g-01,,D3562-1V-IP109-SHPYL-3114
sw-ctrl-c2d35-1g-01,,D3562-1V-IP110-SHPYL-3214
sw-ctrl-c2d36-1g-01,,D3562-1V-IP111-SHPYL-3314
sw-ctrl-c2d37-1g-01,,D3562-1V-IP112-SHPYL-3414
sw-ctrl-c2d38-1g-01,,D3562-1V-IP113-SHPYL-3514
sw-ctrl-c2d41-1g-01,,D3562-1V-IP116-SHPYL-3814
sw-ctrl-c2d42-1g-01,,D3562-1V-IP117-SHPYL-3914
sw-ctrl-c2d43-1g-01,,D3562-1V-IP118-SHPYL-4014
sw-ctrl-c2d44-1g-01,,D3562-1V-IP119-SHPYL-4114
sw-ctrl-c2d45-1g-01,,D3562-1V-IP120-SHPYL-4214
sw-ctrl-c2d46-1g-01,,D3562-1V-IP121-SHPYL-4314
sw-ctrl-c2d47-1g-01,,D3562-1V-IP122-SHPYL-4414
sw-ctrl-c2e01-1g-01,,D3562-1V-IP63-SHPYL-0316
sw-ctrl-c2e02-1g-01,,D3562-1V-IP64-SHPYL-0416
sw-ctrl-c2e03-1g-01,,D3562-1V-IP65-SHPYL-0516
sw-ctrl-c2e04-1g-01,,D3562-1V-IP66-SHPYL-0616
sw-ctrl-c2e05-1g-01,,D3562-1V-IP67-SHPYL-0716
sw-ctrl-c2e06-1g-01,,D3562-1V-IP68-SHPYL-0816
sw-ctrl-c2e07-1g-01,,D3562-1V-IP69-SHPYL-0916
sw-ctrl-c2e08-1g-01,,D3562-1V-IP70-SHPYL-1016
sw-ctrl-c2e02-data-01,,D3562-1V-IP64-OBR4L-0416
sw-ctrl-c2e04-data-01,,D3562-1V-IP66-OBR4L-0616
sw-ctrl-c2e06-data-01,,D3562-1V-IP68-OBR4L-0816
sw-ctrl-c2e08-data-01,,D3562-1V-IP70-OBR4L-1016
sw-ctrl-c2e01-1g-01,,D3562-1V-IP63-SHPYL-0316
sw-ctrl-c2e02-1g-01,,D3562-1V-IP64-SHPYL-0416
sw-ctrl-c2e03-1g-01,,D3562-1V-IP65-SHPYL-0516
sw-ctrl-c2e04-1g-01,,D3562-1V-IP66-SHPYL-0616
sw-ctrl-c2e05-1g-01,,D3562-1V-IP67-SHPYL-0716
sw-ctrl-c2e06-1g-01,,D3562-1V-IP68-SHPYL-0816
sw-ctrl-c2e07-1g-01,,D3562-1V-IP69-SHPYL-0916
sw-ctrl-c2e08-1g-01,,D3562-1V-IP70-SHPYL-1016
sw-ctrl-c2e02-data-01,,D3562-1V-IP64-OBR4L-0416
sw-ctrl-c2e04-data-01,,D3562-1V-IP66-OBR4L-0616
sw-ctrl-c2e06-data-01,,D3562-1V-IP68-OBR4L-0816
sw-ctrl-c2e08-data-01,,D3562-1V-IP70-OBR4L-1016
sw-ctrl-c2e11-1g-01,,D3562-1V-IP71-SHPYL-1416
sw-ctrl-c2e12-1g-01,,D3562-1V-IP72-SHPYL-1516
sw-ctrl-c2e13-1g-01,,D3562-1V-IP73-SHPYL-1616
sw-ctrl-c2e14-1g-01,,D3562-1V-IP74-SHPYL-1716
sw-ctrl-c2e15-1g-01,,D3562-1V-IP75-SHPYL-1816
sw-ctrl-c2e18-1g-01,,D3562-1V-IP78-SHPYL-2116
sw-ctrl-c2e23-1g-01,,D3562-1V-IP147-SHPYL-2517
sw-ctrl-c2e24-1g-01,,D3562-1V-IP148-SHPYL-2617
sw-ctrl-c2e31-1g-01,,D3562-1V-IP114-SHPYL-2816
sw-ctrl-c2e32-1g-01,,D3562-1V-IP115-SHPYL-2916
sw-ctrl-c2e33-1g-01,,D3562-1V-IP123-SHPYL-3016
sw-ctrl-c2e34-1g-01,,D3562-1V-IP124-SHPYL-3116
sw-ctrl-c2e35-1g-01,,D3562-1V-IP125-SHPYL-3216
sw-ctrl-c2e36-1g-01,,D3562-1V-IP126-SHPYL-3316
sw-ctrl-c2e37-1g-01,,D3562-1V-IP127-SHPYL-3416
sw-ctrl-c2e38-1g-01,,D3562-1V-IP128-SHPYL-3516
sw-ctrl-c2e41-1g-01,,D3562-1V-IP129-LHPYL-3816
sw-ctrl-c2e42-1g-01,,D3562-1V-IP129-LHPYL-3916
sw-ctrl-c2e43-1g-01,,D3562-1V-IP131-SHPYL-4016
sw-ctrl-c2e44-1g-01,,D3562-1V-IP132-SHPYL-4116
sw-ctrl-c2e45-1g-01,,D3562-1V-IP133-SHPYL-4216
sw-ctrl-c2e46-1g-01,,D3562-1V-IP134-SHPYL-4316
sw-ctrl-c2e47-1g-01,,D3562-1V-IP135-SHPYL-4416
sw-ctrl-c2e41-10g-01,,D3562-1V-IP151-LBR7Y-3816
sw-ctrl-c2e42-10g-01,,D3562-1V-IP151-LBR7Y-3916
sw-ctrl-c2e46-10g-01,,D3562-1V-IP156-LJUCY-4316
sw-ctrl-c2e47-10g-01,,D3562-1V-IP156-LJUCY-4416
sw-ctrl-c2f01-1g-01,,D3562-1V-IP79-SHPYL-0321
sw-ctrl-c2f02-1g-01,,D3562-1V-IP80-SHPYL-0421
sw-ctrl-c2f03-1g-01,,D3562-1V-IP81-SHPYL-0521
sw-ctrl-c2f04-1g-01,,D3562-1V-IP82-SHPYL-0621
sw-ctrl-c2f05-1g-01,,D3562-1V-IP83-SHPYL-0721
sw-ctrl-c2f06-1g-01,,D3562-1V-IP84-SHPYL-0821
sw-ctrl-c2f07-1g-01,,D3562-1V-IP85-SHPYL-0921
sw-ctrl-c2f08-1g-01,,D3562-1V-IP86-SHPYL-1021
sw-ctrl-c2f02-data-01,,D3562-1V-IP80-OBR4L-0421
sw-ctrl-c2f04-data-01,,D3562-1V-IP82-OBR4L-0621
sw-ctrl-c2f06-data-01,,D3562-1V-IP84-OBR4L-0821
sw-ctrl-c2f08-data-01,,D3562-1V-IP86-OBR4L-1021
sw-ctrl-c2f11-1g-01,,D3562-1V-IP87-SHPYL-1421
sw-ctrl-c2f12-1g-01,,D3562-1V-IP88-SHPYL-1521
sw-ctrl-c2f13-1g-01,,D3562-1V-IP89-SHPYL-1621
sw-ctrl-c2f14-1g-01,,D3562-1V-IP90-SHPYL-1721
sw-ctrl-c2f15-1g-01,,D3562-1V-IP91-SHPYL-1821
sw-ctrl-c2f16-1g-01,,D3562-1V-IP92-SHPYL-1921
sw-ctrl-c2f17-1g-01,,D3562-1V-IP77-SHPYL-2016
sw-ctrl-c2f18-1g-01,,D3562-1V-IP94-SHPYL-2121
sw-ctrl-c2f32-1g-01,,D3562-1V-IP26-SHPYL-2921
sw-ctrl-c2f33-1g-01,,D3562-1V-IP143-SHPYL-3021
sw-ctrl-c2f34-1g-01,,D3562-1V-IP40-SHPYL-3121
sw-ctrl-c2f36-1g-01,,D3562-1V-IP98-SHPYL-3321
sw-ctrl-c2f37-1g-01,,D3562-1V-IP99-SHPYL-3421
sw-ctrl-c2f38-1g-01,,D3562-1V-IP100-SHPYL-3521
sw-ctrl-c2f41-1g-01,,D3562-1V-IP137-LBR4K-K3821
sw-ctrl-c2f44-1g-01,,D3562-1V-IP139-LHPYL-4121
sw-ctrl-c2f45-1g-01,,D3562-1V-IP139-LHPYL-4221
sw-ctrl-c2f46-1g-01,,D3562-1V-IP141-LHPYL-4321
sw-ctrl-c2f47-1g-01,,D3562-1V-IP141-LHPYL-4421
sw-ctrl-c2f41-10g-01,,D3562-1V-IP157-LJUCY-3821
sw-ctrl-c2f42-10g-01,,D3562-1V-IP157-LJUCY-3921
sw-ctrl-c2f43-10g-01,,D3562-1V-IP155-SBR7Y-4021
sw-ctrl-c2f44-10g-01,,D3562-1V-IP149-LBR7Y-4121
sw-ctrl-c2f45-10g-01,,D3562-1V-IP149-LBR7Y-4221
sw-ctrl-c2f46-10g-01,,D3562-1V-IP150-LBR7Y-4321
sw-ctrl-c2f47-10g-01,,D3562-1V-IP150-LBR7Y-4421
sw-ctrl-c2f45-cdr-01,,D3562-1V-LX3-XHPYL-4221
sw-ctrl-utca10-1g-01,,D3562-1V-IP56-SHPYL-1514
sw-ctrl-utca10-1g-02,,D3585-RV-IP56-SHP1S-1503

# Control network switches downstairs aliases
rt-ctrl-sp3524-01,,D3524-1-RJUEM-1
rt-ctrl-sp3524-02,,D3524-1-RJUEM-2
sw-ctrl-sp3524-1g-01,,D3524-U2-IP2-SHP3L-1
sw-ctrl-s1a15-1g-01,,D3524-RV-IP2-SHP3M-6513
sw-ctrl-s2b15-1g-01,,D3524-1V-IP2-SHP3M-6713
sw-ctrl-s2c05-1g-01,,D3524-1V-IP2-SHP3L-7023
sw-ctrl-s2c05-1g-02,,D3524-1V-IP2-SHP3M-7023
sw-ctrl-sp3524-1g-02,,D3524-U2-IP18-SHPYL-1
sw-ctrl-sp3524-1g-03,,D3524-U2-IP24-SHPYL-1
sw-ctrl-s1c14-1g-01,,D3524-R-IP24-SHP1S-7014
sw-ctrl-s1f07-1g-01,,D3524-R-IP24-SHP1S-7721
sw-ctrl-sp3524-1g-04,,D3524-U2-IP31-SHPYL-1
sw-ctrl-s1e10-1g-01,,D3524-R-IP31-SHP1S-7518
sw-ctrl-sp3524-1g-05,,D3524-1-IP200-LBR4M-1
sw-ctrl-s1a06-1g-01,,D3524-RV-IP25-SBR4L-6522
sw-ctrl-s1d06-1g-01,,D3524-RV-IP14-SHP3L-7222
sw-ctrl-s1d12-1g-01,,D3524-RV-IP23-SHPYL-7216
sw-ctrl-s1d13-1g-01,,D3524-RV-IP33-SHPBM-7215
sw-ctrl-s2b16-1g-01,,D3524-1V-IP8-SHP3L-6709
sw-ctrl-s2b17-1g-01,,D3524-1V-IP7-SHP3L-6708
sw-ctrl-s2b18-1g-01,,D3524-1V-IP6-SHPYL-6707
sw-ctrl-s2b19-1g-01,,D3524-1V-IP5-SHP3L-6706
sw-ctrl-s2c16-1g-01,,D3524-1V-IP20-SHPYL-7009
sw-ctrl-s2c17-1g-01,,D3524-1V-IP29-SHPYL-7008
sw-ctrl-s2c17-1g-02,,D3524-1V-IP42-SHPYL-7008
sw-ctrl-s2c18-1g-01,,D3524-1V-IP21-SHPYL-7007
sw-ctrl-s4f01-1g-01,,D3524-1V-IP21-SBR1M-2
sw-ctrl-s2c19-1g-01,,D3524-1V-IP22-SHPYL-7006
sw-ctrl-s2d10-1g-01,,D3524-1V-IP4-SHP3L-7218
sw-ctrl-s2d16-1g-01,,D3524-1V-IP3-SHP3L-7209
sw-ctrl-s2d19-1g-01,,D3524-1V-IP1-SHPYL-7208
sw-ctrl-s2f16-1g-01,,D3524-1V-IP15-SHPYL-7709
sw-ctrl-s2f17-1g-01,,D3524-1V-IP11-SHP3M-7708
sw-ctrl-s2f18-1g-01,,D3524-1V-IP10-SHP3L-7707
sw-ctrl-s2f19-1g-01,,D3524-1V-IP9-SHP3L-7706
sw-ctrl-s2g16-1g-01,,D3524-1V-IP16-SHPYL-8009
sw-ctrl-s2g17-1g-01,,D3524-1V-IP13-SHP3L-8008
sw-ctrl-s2g18-1g-01,,D3524-1V-IP12-SHP3L-8007
sw-ctrl-s2g19-1g-01,,D3524-1V-IP17-SHP3L-8006
sw-ctrl-s4f10-1g-01,,D3524-1V-IP28-SHPYL-4405
sw-ctrl-utca1-1g-01,,D3524-1V-IP35-SHPYL-7008
sw-ctrl-utca2-1g-01,,D3524-1V-IP36-SHPYL-7008
sw-ctrl-utca3-1g-01,,D3524-1V-IP37-SHPYL-7009
sw-ctrl-utca4-1g-01,,D3524-1V-IP38-SHPYL-7009
sw-ctrl-utca5-1g-01,,D3524-1V-IP39-SHPYL-7009
sw-ctrl-s1wall-1g-01,,D3524-RV-IP30-PHPYM-7330
sw-ctrl-s1wall-1g-02,,D3524-RV-IP41-PHPYM-7330

# BRIL ElasticSearch6 (CMSONS-11664)
cmsos-iaas-bril,,srv-s2d16-22-01

#Pixel VM for monitoring (CMSONS-10897)
tom,,kvm-s3562-1-ip149-41

#Pixel VMs for monitoring development (CMSONS-11651)
tom-dev1,,kvm-s3562-1-ip151-106
tom-dev2,,kvm-s3562-1-ip151-106


##### DAQ3VAL #####
# DAQ3VAL XaaS monitoring server
xaas-daq3val,,kvm-s3562-3-ip157-10
# DAQ3VAL switch serial links
serial-d3vsw-eth-c2e33-28-01,,d3vsm-c2e34-20-01
serial-d3vsw-eth-c2e35-23-01,,d3vrubu-c2e34-29-01
serial-d3vsw-eth-c2b12-01-01,,rubu-c2b13-17-01
# DAQ3VAL switch aliases
sw-daq3val-chassis,,d3vsw-eth-c2e33-28-01
d3vsw-chassis,,d3vsw-eth-c2e33-28-01
# Control Hub for  AMC13 sources is shared with the other crates
bridge-c2e31-14,,d3vctrl-c2e31-10-01
# Ferol alias for the frlpc40
ferol-c2e31-24-00-d3vfbs1v0,,d3vfrlpc40-c2e31-12-01
# Control Hub for FEROL40 is shared with TCDS
bridge-c2e31-24,,d3vctrl-c2e31-10-01
# Control Hub for TCDS uTCA devices
ctrlhub-tcdsd3v-01,,d3vctrl-c2e31-10-01
bridge-c2e31-34,,d3vctrl-c2e31-10-01
# TCDS control host and XaaS host aliases
tcds-control-d3v,,d3vsrv-c2e31-09-01
xaas-tcdsd3v,,kvm-s3562-3-ip157-17
xaas-tcdslight,,kvm-s3562-3-ip157-33
# TCDS AMC card aliases
cpm-d3v-t1,,amc-c2e31-34-13-t1
cpm-d3v-t2,,amc-c2e31-34-13-t2
lpm-d3v-1,,amc-c2e31-34-01
pi-d3v-11,,amc-c2e31-34-02

# Zoltan's VM for the webcam pictures
cmscamera,,kvm-s3562-1-ip156-68,p

#GPU Nodes
gpu-c2a02-35-01,,fu-c2a02-35-01
gpu-c2a02-35-02,,fu-c2a02-35-02
#gpu-c2a02-35-03,,fu-c2a02-35-03
#gpu-c2a02-35-04,,fu-c2a02-35-04
gpu-c2a02-37-01,,fu-c2a02-37-01
gpu-c2a02-37-02,,fu-c2a02-37-02
gpu-c2a02-37-03,,fu-c2a02-37-03
gpu-c2a02-37-04,,fu-c2a02-37-04
gpu-c2a02-39-01,,fu-c2a02-39-01
gpu-c2a02-39-02,,fu-c2a02-39-02
gpu-c2a02-39-03,,fu-c2a02-39-03
gpu-c2a02-39-04,,fu-c2a02-39-04
gpu-daq3val-01,,d3vfu-c2e36-35-03
gpu-hilton-01,,hilton-c2e36-35-04
gpu-c2e35-08-01,,gputest-genoa-01
gpu-c2e36-37-01,,gputest-milan-01
gpu-c2e36-41-01,,gputest-milan-02
gpu-c2e35-18-01,,gputest-bergamo-01
gpu-c2e35-20-01,,gputest-genoa-02

# CMSONS-15317: grafana dashboard 
l1scout-grafana,,d3vfu-c2e35-33-01

# github mirror machine
githubmirror,,kvm-s3562-1-ip157-34

#bptxscope
bptxscope,,POOL05680003

# DAQ3 serial console switch aliases
serial-sw-eth-c2a12-13-01-RE0,,rubu-c2a11-01-01
serial-sw-eth-c2a12-13-01-RE1,,rubu-c2a11-03-01
serial-sw-eth-c2a13-13-01-RE0,,rubu-c2a14-01-01
serial-sw-eth-c2a13-13-01-RE1,,rubu-c2a14-03-01
serial-sw-eth-c2b14-01-01,,rubu-c2b13-19-01
# DAQ3 switch aliases
sw-evb-chassis,,sw-eth-c2a12-13-01
sw-daq3-evb-chassis,,sw-eth-c2a12-13-01
sw-fedb-chassis,,sw-eth-c2a13-13-01
sw-daq3-fedb-chassis,,sw-eth-c2a13-13-01
sw-cloud-ctrl,,sw-eth-c2f42-24-01
sw-cloud-ctrl-1,,sw-eth-c2f42-24-01

# Network monitoring server aliases for the container functionality
net-syslog,,netmon-c2e38-10-01
net-ztp,,netmon-c2e38-10-01

# CMSONS-13730 
dtdemolumi,,srv-s2d16-15-01

# CMSONS-14516
cms-daq-dashboard,,srv-c2f41-33-01

# CMSONS-14516
cms-daqval-dashboard,,srv-c2f41-33-01

# vpn / tunnel alias
p5-tunnel,,kvm-s3562-1-ip150-10

# CMSONS-14719
daq-expert-tts,,kvm-s3562-1-ip157-12

# CMSONS-15197
l1ts-ratemon,,kvm-s3562-1-ip157-28

